Date,Open Price,High Price,Low Price,Close Price,WAP,No.of Shares,No. of Trades,Total Turnover (Rs.),Deliverable Quantity,% Deli. Qty to Traded Qty,Spread High-Low,Spread Close-Open
28-March-2025,3648.00,3660.00,3596.05,3604.45,3613.504967144774959372,70765,8029,255709679.00,36040,50.93,63.95,-43.55
27-March-2025,3624.65,3662.85,3610.00,3651.65,3645.326150864157648198,30955,3520,112841071.00,12150,39.25,52.85,27.00
26-March-2025,3661.00,3679.90,3625.00,3635.50,3658.031938100756697798,29338,3951,107319341.00,9548,32.54,54.90,-25.50
25-March-2025,3649.95,3708.90,3638.05,3657.70,3673.370649969760574904,140545,13910,516273878.00,46161,32.84,70.85,7.75
24-March-2025,3585.05,3649.60,3566.65,3631.55,3611.817601485992405450,85061,9459,307224817.00,38502,45.26,82.95,46.50
21-March-2025,3499.95,3615.00,3466.60,3579.40,3566.828618292134179089,68893,6889,245729524.00,29879,43.37,148.40,79.45
20-March-2025,3508.05,3577.55,3508.05,3562.80,3561.226365620160495565,113648,10340,404726254.00,50481,44.42,69.50,54.75
19-March-2025,3549.00,3549.00,3463.05,3497.15,3481.205344405950682698,157024,14776,546632788.00,93466,59.52,85.95,-51.85
18-March-2025,3503.00,3556.45,3479.00,3552.65,3538.746532461252640419,78586,7054,278095935.00,43739,55.66,77.45,49.65
17-March-2025,3508.50,3610.30,3478.00,3497.25,3508.967877171610750776,91119,7769,319733644.00,58431,64.13,132.30,-11.25
13-March-2025,3506.00,3524.15,3484.50,3512.35,3501.318872117788684137,21598,2831,75621485.00,7969,36.90,39.65,6.35
12-March-2025,3564.95,3565.30,3489.60,3503.60,3509.325735235514465609,37641,4126,132094530.00,14306,38.01,75.70,-61.35
11-March-2025,3553.25,3589.55,3536.90,3574.90,3567.763116999959105222,48906,6277,174485023.00,13589,27.79,52.65,21.65
10-March-2025,3610.20,3623.45,3582.10,3588.10,3602.473832190598332757,40546,6194,146065904.00,20250,49.94,41.35,-22.10
7-March-2025,3624.95,3624.95,3575.00,3611.30,3600.962211199582299960,30644,3720,110347886.00,11253,36.72,49.95,-13.65
6-March-2025,3568.00,3608.95,3536.15,3599.70,3568.352705141496755366,52086,6991,185861219.00,17565,33.72,72.80,31.70
5-March-2025,3529.95,3598.00,3521.10,3549.35,3568.937329916770951274,50343,6537,179671012.00,19151,38.04,76.90,19.40
4-March-2025,3483.95,3549.90,3463.80,3532.65,3515.291581078915548562,68643,9179,241300160.00,22497,32.77,86.10,48.70
3-March-2025,3499.85,3523.95,3475.00,3496.55,3498.257059763786519847,90088,10802,315150982.00,37769,41.92,48.95,-3.30
28-February-2025,3588.80,3599.00,3457.35,3483.90,3493.952176243680432200,95141,8550,332418104.00,54472,57.25,141.65,-104.90
27-February-2025,3628.95,3637.95,3600.00,3612.35,3613.092897295265433047,58527,9398,211463488.00,39852,68.09,37.95,-16.60
25-February-2025,3639.95,3657.95,3621.60,3631.10,3641.781889899144254278,209408,19180,762618262.00,135547,64.73,36.35,-8.85
24-February-2025,3767.35,3767.35,3670.65,3674.90,3707.215678607375868036,276198,11397,1023925556.00,243631,88.21,96.70,-92.45
21-February-2025,3781.20,3816.60,3775.00,3785.75,3792.526240219048785102,89843,7281,340731935.00,52058,57.94,41.60,4.55
20-February-2025,3779.00,3789.50,3755.00,3777.95,3774.290662550986660787,45355,3495,171182953.00,19696,43.43,34.50,-1.05
19-February-2025,3872.00,3873.20,3767.50,3781.35,3789.931198007897611796,163847,6080,620968857.00,127946,78.09,105.70,-90.65
18-February-2025,3903.40,3924.60,3861.00,3869.45,3886.500932886513902726,55205,4949,214554284.00,21926,39.72,63.60,-33.95
17-February-2025,3900.00,3934.55,3860.00,3903.40,3919.956714919319771992,126487,12892,495823565.00,107024,84.61,74.55,3.40
14-February-2025,3925.00,3948.00,3900.60,3932.75,3917.061428796648724127,88802,9581,347842889.00,66874,75.31,47.40,7.75
13-February-2025,3955.00,3977.95,3903.35,3909.10,3931.714370623045714138,38697,5625,152145551.00,15990,41.32,74.60,-45.90
12-February-2025,3966.05,4020.00,3941.30,3950.20,3975.669049675108651028,70639,10458,280837286.00,30887,43.73,78.70,-15.85
11-February-2025,4029.80,4040.85,3955.60,3964.40,3990.474982678748522599,73609,8587,293734873.00,15656,21.27,85.25,-65.40
10-February-2025,4049.95,4051.95,4014.05,4035.50,4035.569239693119261034,91371,7721,368733997.00,68279,74.73,37.90,-14.45
7-February-2025,4060.15,4091.90,4009.05,4029.35,4034.566337893732103086,22001,3051,88764494.00,9827,44.67,82.85,-30.80
6-February-2025,4095.45,4135.00,4052.70,4082.70,4072.665470523617722445,40965,3766,166836741.00,27237,66.49,82.30,-12.75
5-February-2025,4161.00,4161.00,4075.90,4090.75,4094.982050576399718680,32703,5354,133918198.00,13400,40.97,85.10,-70.25
4-February-2025,4089.20,4120.00,4065.00,4113.70,4101.024337365324872760,75645,8796,310221986.00,18987,25.10,55.00,24.50
3-February-2025,4030.00,4076.00,3999.00,4067.30,4045.876806883957037174,32307,4623,130710142.00,10859,33.61,77.00,37.30
1-February-2025,4100.05,4129.00,4057.85,4073.75,4082.475916803503010399,14616,1902,59669468.00,5584,38.20,71.15,-26.30
31-January-2025,4102.50,4127.85,4088.35,4109.00,4105.386692381870781099,45628,4572,187320584.00,25144,55.11,39.50,6.50
30-January-2025,4098.00,4129.80,4060.60,4102.45,4100.806139036078447930,47369,3637,194251086.00,29144,61.53,69.20,4.45
29-January-2025,4057.25,4106.00,4055.00,4096.35,4093.096257488782493169,39893,3750,163285889.00,25570,64.10,51.00,39.10
28-January-2025,4065.10,4101.95,4029.55,4036.45,4058.628300079593130708,74127,8499,300853940.00,30390,41.00,72.40,-28.65
27-January-2025,4105.45,4155.00,4041.55,4066.20,4084.037420766433926445,31079,3441,126927799.00,12144,39.07,113.45,-39.25
24-January-2025,4100.00,4177.70,4100.00,4151.30,4156.084029839574860906,40081,3244,166580004.00,25727,64.19,77.70,51.30
23-January-2025,4154.05,4190.95,4141.80,4145.70,4166.963277384301930726,20614,2476,85897781.00,4435,21.51,49.15,-8.35
22-January-2025,4062.05,4163.00,4051.35,4154.00,4127.529328848310107320,62430,5072,257681656.00,23963,38.38,111.65,91.95
21-January-2025,4098.00,4112.70,4029.20,4034.35,4067.089513719098071176,169326,17294,688663999.00,39367,23.25,83.50,-63.65
20-January-2025,4132.15,4149.45,4068.35,4076.95,4086.025182863113897596,38280,5513,156413044.00,17221,44.99,81.10,-55.20
17-January-2025,4165.00,4165.00,4100.50,4125.70,4134.368614620399780288,41873,5834,173118417.00,17944,42.85,64.50,-39.30
16-January-2025,4270.00,4290.00,4192.25,4208.10,4210.150687642228158701,60642,8467,255311958.00,35428,58.42,97.75,-61.90
15-January-2025,4223.75,4254.40,4208.00,4248.55,4225.924304688705311434,142598,10300,602608354.00,106746,74.86,46.40,24.80
14-January-2025,4280.10,4315.95,4218.40,4233.75,4256.064708479599910819,228749,19207,973570546.00,128182,56.04,97.55,-46.35
13-January-2025,4249.95,4321.65,4224.65,4291.80,4297.820663369621405590,129611,9928,557044834.00,51666,39.86,97.00,41.85
10-January-2025,4200.00,4296.80,4172.15,4265.55,4245.502180600796235975,221040,15213,938425802.00,61762,27.94,124.65,65.55
9-January-2025,4105.90,4136.90,4025.45,4036.65,4083.606843373493975903,72625,8771,296571947.00,21626,29.78,111.45,-69.25
8-January-2025,4044.55,4125.95,4017.05,4107.50,4055.725551508487389182,58204,6365,236059450.00,26903,46.22,108.90,62.95
7-January-2025,4106.00,4136.90,4011.25,4028.20,4039.277154322941663007,97931,10331,395570451.00,34175,34.90,125.65,-77.80
6-January-2025,4105.00,4149.25,4064.70,4094.70,4096.650703877118971458,64713,6852,265106557.00,37739,58.32,84.55,-10.30
3-January-2025,4180.05,4180.05,4091.00,4099.25,4110.689398259489747849,161332,17891,663185742.00,42327,26.24,89.05,-80.80
2-January-2025,4124.95,4203.50,4098.00,4184.25,4159.678024783610436515,80295,7840,334001347.00,41745,51.99,105.50,59.30
1-January-2025,4100.00,4134.65,4088.00,4112.80,4115.010869192525287159,29165,4490,120014292.00,9996,34.27,46.65,12.80
31-December-2024,4123.55,4133.35,4034.00,4097.20,4072.193752629786210903,49909,7813,203239118.00,16235,32.53,99.35,-26.35
30-December-2024,4174.90,4199.00,4112.00,4158.95,4149.958490347266508203,34498,5095,143165268.00,14565,42.22,87.00,-15.95
27-December-2024,4162.00,4180.50,4149.00,4167.95,4167.016016773301054815,46264,7648,192782829.00,7118,15.39,31.50,5.95
26-December-2024,4176.00,4192.30,4142.35,4168.60,4166.637202339507032446,28724,4309,119682487.00,11578,40.31,49.95,-7.40
24-December-2024,4159.95,4217.30,4158.05,4180.65,4184.943149926620149849,38839,4108,162539007.00,9116,23.47,59.25,20.70
23-December-2024,4199.00,4215.35,4115.00,4156.80,4147.678542469085749037,59196,4683,245525979.00,33074,55.87,100.35,-42.20
20-December-2024,4310.10,4381.95,4152.95,4168.05,4208.292731016608231767,125781,10815,529323268.00,21361,16.98,229.00,-142.05
19-December-2024,4283.85,4362.90,4262.40,4271.50,4310.404374629306781214,55639,6338,239826589.00,16486,29.63,100.50,-12.35
18-December-2024,4324.35,4360.00,4295.95,4348.20,4333.334057341442224152,23020,3186,99753350.00,5441,23.64,64.05,23.85
17-December-2024,4415.90,4430.45,4318.00,4324.40,4354.489419566351240593,53684,6413,233766410.00,16903,31.49,112.45,-91.50
16-December-2024,4424.10,4473.00,4398.75,4415.90,4424.513326924757493664,34329,3858,151889118.00,14467,42.14,74.25,-8.20
13-December-2024,4449.00,4493.80,4394.70,4473.60,4461.089065336982737595,184505,17851,823093238.00,76882,41.67,99.10,24.60
12-December-2024,4444.95,4484.95,4427.00,4456.95,4464.416282195298082323,99704,9638,445120161.00,58176,58.35,57.95,12.00
11-December-2024,4438.50,4449.90,4407.60,4427.55,4424.330308529945553539,38019,2780,168208614.00,17029,44.79,42.30,-10.95
10-December-2024,4446.95,4494.00,4414.50,4431.95,4448.781979298896592129,40964,3078,182239905.00,6669,16.28,79.50,-15.00
9-December-2024,4424.00,4470.00,4416.45,4452.05,4446.213291890502820641,81719,6976,363340104.00,47685,58.35,53.55,28.05
6-December-2024,4450.00,4463.10,4413.00,4446.50,4440.800122107471773396,116291,10185,516425087.00,35725,30.72,50.10,-3.50
5-December-2024,4365.00,4488.00,4360.20,4459.25,4420.008306886659444864,183703,23287,811968786.00,119976,65.31,127.80,94.25
4-December-2024,4319.90,4386.40,4294.20,4355.10,4360.999189966030833551,38270,3660,166895439.00,10906,28.50,92.20,35.20
3-December-2024,4300.00,4325.50,4266.55,4301.45,4296.294065833686751704,30653,3037,131694302.00,9182,29.95,58.95,1.45
2-December-2024,4264.95,4287.00,4230.00,4272.95,4263.175152446581726240,40342,4837,171985012.00,18545,45.97,57.00,8.00
29-November-2024,4219.95,4298.00,4196.00,4273.55,4269.887449259912255525,121945,11998,520691425.00,14052,11.52,102.00,53.60
28-November-2024,4327.95,4340.10,4234.00,4248.05,4266.693338740315454720,46853,5301,199907383.00,12059,25.74,106.10,-79.90
27-November-2024,4351.85,4377.00,4323.15,4332.10,4348.884640426161586268,33790,3531,146948812.00,10225,30.26,53.85,-19.75
26-November-2024,4286.85,4364.55,4286.85,4351.85,4337.214181247673243631,75212,8773,326210553.00,40436,53.76,77.70,65.00
25-November-2024,4293.95,4328.00,4253.90,4315.10,4293.523894098083770818,114861,10535,493158448.00,66195,57.63,74.10,21.15
22-November-2024,4079.70,4254.50,4053.60,4245.75,4200.421941223860730673,228392,21203,959342768.00,79131,34.65,200.90,166.05
21-November-2024,4089.95,4090.00,4025.00,4077.25,4071.102440661340492262,77479,4333,315424946.00,6540,8.44,65.00,-12.70
19-November-2024,4028.85,4131.00,4015.85,4039.30,4084.574414311064905268,55789,6926,227874322.00,17651,31.64,115.15,10.45
18-November-2024,4215.00,4215.00,3990.65,4019.50,4047.510768594186407365,96670,11433,391272866.00,39086,40.43,224.35,-195.50
14-November-2024,4131.80,4160.35,4115.90,4146.15,4143.605455159937178187,150903,20514,625282494.00,15434,10.23,44.45,14.35
13-November-2024,4186.75,4195.00,4131.00,4149.05,4157.819420552286102308,22090,2654,91846231.00,7102,32.15,64.00,-37.70
12-November-2024,4200.15,4214.00,4165.00,4195.95,4194.948714254844053878,27766,3212,116476946.00,9195,33.12,49.00,-4.20
11-November-2024,4134.95,4233.85,4119.00,4195.05,4192.487625292236583989,37213,4093,156015042.00,9924,26.67,114.85,60.10
8-November-2024,4158.95,4169.15,4119.70,4145.00,4143.382753085445119865,114003,6174,472358064.00,21302,18.69,49.45,-13.95
7-November-2024,4184.00,4205.25,4085.05,4149.40,4146.178501847497480685,44655,4625,185147601.00,13140,29.43,120.20,-34.60
6-November-2024,4000.05,4149.80,3977.00,4138.80,4015.576500543437523424,426912,13175,1714297795.00,352725,82.62,172.80,138.75
5-November-2024,3950.00,3985.50,3947.35,3971.75,3968.555977795164114600,26841,2991,106520011.00,10781,40.17,38.15,21.75
4-November-2024,3969.95,3986.25,3915.00,3962.40,3950.053277397554480112,69842,9658,275879621.00,28856,41.32,71.25,-7.55
1-November-2024,3992.95,3996.00,3979.75,3985.40,3987.911364429452134465,17194,4224,68568148.00,11609,67.52,16.25,-7.55
31-October-2024,4058.45,4079.95,3959.00,3971.25,3987.890142206631523786,417913,25329,1666591133.00,226445,54.18,120.95,-87.20
30-October-2024,4099.95,4107.80,4061.05,4085.60,4093.336124615032197307,39289,4574,160823083.00,17552,44.67,46.75,-14.35
29-October-2024,4090.05,4101.00,4059.55,4077.15,4075.744680004377369002,100517,8340,409681628.00,63132,62.81,41.45,-12.90
28-October-2024,4058.05,4133.00,4051.05,4093.05,4098.929948369353708844,77086,6764,315970114.00,43167,56.00,81.95,35.00
25-October-2024,4069.90,4091.75,4034.00,4057.90,4065.017295143703849700,142063,15999,577488552.00,37424,26.34,57.75,-12.00
24-October-2024,4016.35,4075.60,4016.35,4048.15,4046.319045323047251687,41480,5947,167841314.00,23661,57.04,59.25,31.80
23-October-2024,3986.55,4113.65,3986.55,4066.75,4067.785751584176581001,70857,8269,288231095.00,32975,46.54,127.10,80.20
22-October-2024,4054.05,4090.00,4008.00,4015.80,4064.844476097213567168,44932,3980,182641592.00,25599,56.97,82.00,-38.25
21-October-2024,4125.05,4138.15,4062.85,4078.30,4093.431193963243944987,49298,4025,201797971.00,22010,44.65,75.30,-46.75
18-October-2024,4109.00,4146.10,4090.00,4121.85,4122.928649582113949748,151716,10673,625514243.00,54990,36.25,56.10,12.85
17-October-2024,4118.75,4129.00,4092.25,4106.20,4106.259363547606582428,70673,4192,290201668.00,45942,65.01,36.75,-12.55
16-October-2024,4077.50,4114.60,4068.30,4094.80,4084.002826310380267214,97300,11782,397373475.00,57185,58.77,46.30,17.30
15-October-2024,4145.00,4169.00,4095.50,4117.50,4116.589044499474089595,120743,11445,497049311.00,76940,63.72,73.50,-27.50
14-October-2024,4145.00,4166.40,4121.95,4136.65,4142.265515410112256670,54607,7167,226196693.00,20699,37.91,44.45,-8.35
11-October-2024,4140.00,4240.00,4112.65,4150.60,4155.440287714358753471,285561,26324,1186631684.00,62313,21.82,127.35,10.60
10-October-2024,4248.05,4293.30,4200.00,4228.40,4254.312983078096337366,48517,4876,206406503.00,12825,26.43,93.30,-19.65
9-October-2024,4274.65,4295.00,4245.65,4252.30,4271.238957365124267528,24745,2671,105691808.00,5824,23.54,49.35,-22.35
8-October-2024,4270.85,4272.85,4205.00,4251.30,4232.136055125605264246,48326,4663,204522207.00,25318,52.39,67.85,-19.55
7-October-2024,4265.05,4297.25,4229.00,4272.25,4256.023002866171823326,95249,7124,405381935.00,59142,62.09,68.25,7.20
4-October-2024,4225.00,4299.00,4224.65,4249.10,4253.628776775150541242,226516,18243,963514976.00,31247,13.79,74.35,24.10
3-October-2024,4277.95,4277.95,4209.30,4232.40,4228.759984768048742244,89286,4702,377569064.00,63762,71.41,68.65,-45.55
1-October-2024,4255.00,4295.20,4243.10,4286.30,4265.090555783753041170,126596,9915,539943404.00,81848,64.65,52.10,31.30
30-September-2024,4294.95,4296.45,4259.85,4268.40,4275.226424062666362461,52596,5920,224859809.00,16479,31.33,36.60,-26.55
27-September-2024,4343.35,4378.45,4300.10,4309.05,4329.732482459379615952,86656,7721,375197298.00,17885,20.64,78.35,-34.30
26-September-2024,4255.00,4316.35,4255.00,4291.25,4288.402442119090624113,66991,7429,287284368.00,24173,36.08,61.35,36.25
25-September-2024,4257.95,4289.00,4240.00,4275.95,4261.677885321625018362,61267,7143,261100219.00,26701,43.58,49.00,18.00
24-September-2024,4264.95,4290.00,4243.35,4272.40,4264.700639426076107298,25648,3394,109381042.00,11144,43.45,46.65,7.45
23-September-2024,4286.05,4303.95,4252.70,4267.55,4273.054075176777074804,53740,7792,229633926.00,25741,47.90,51.25,-18.50
20-September-2024,4320.95,4331.20,4226.60,4285.30,4272.557046473786561892,503940,34161,2153112398.00,91980,18.25,104.60,-35.65
19-September-2024,4397.75,4421.00,4282.90,4296.85,4337.509237776059121766,81459,11615,353329165.00,31036,38.10,138.10,-100.90
18-September-2024,4516.95,4516.95,4321.65,4346.60,4373.074880525253112153,68843,8119,301055594.00,38232,55.54,195.30,-170.35
17-September-2024,4505.15,4535.00,4468.75,4503.65,4503.754145354392670451,17791,2394,80126290.00,4186,23.53,66.25,-1.50
16-September-2024,4530.00,4544.80,4495.95,4513.00,4516.826790116034389466,16633,2232,75128380.00,4738,28.49,48.85,-17.00
13-September-2024,4530.00,4546.50,4505.75,4522.25,4526.772168672798119547,126778,8245,573895122.00,13512,10.66,40.75,-7.75
12-September-2024,4501.55,4530.20,4431.70,4517.20,4484.726284734479802309,39658,5462,177855275.00,17215,43.41,98.50,15.65
11-September-2024,4520.00,4548.00,4473.60,4485.25,4507.850752469762718123,21662,2771,97649063.00,7474,34.50,74.40,-34.75
10-September-2024,4453.00,4539.95,4441.00,4506.90,4483.829306608096117761,68749,7342,308258781.00,39208,57.03,98.95,53.90
9-September-2024,4401.10,4490.00,4401.10,4453.00,4463.701370757180156657,39832,5474,177798153.00,20715,52.01,88.90,51.90
6-September-2024,4479.95,4517.80,4440.25,4457.50,4462.106231778425655976,197568,18411,881569404.00,22227,11.25,77.55,-22.45
5-September-2024,4484.00,4498.00,4455.00,4480.35,4469.237685391531545377,26026,4237,116316380.00,10808,41.53,43.00,-3.65
4-September-2024,4479.00,4486.45,4438.35,4479.65,4471.835816798251874951,91069,3311,407245616.00,68264,74.96,48.10,0.65
3-September-2024,4540.10,4555.00,4495.50,4512.20,4529.167365960994410201,73169,2897,331394647.00,60848,83.16,59.50,-27.90
2-September-2024,4584.85,4585.90,4513.75,4520.85,4548.895101925254813137,28256,3413,128533580.00,13142,46.51,72.15,-64.00
30-August-2024,4513.05,4580.00,4488.70,4551.85,4542.150592228547183820,141415,14226,642328226.00,23220,16.42,91.30,38.80
29-August-2024,4450.00,4555.00,4450.00,4510.55,4522.984671532846715328,50690,7264,229270093.00,19803,39.07,105.00,60.55
28-August-2024,4500.00,4563.15,4457.85,4506.75,4520.468061841686390123,72249,3650,326599297.00,47596,65.88,105.30,6.75
27-August-2024,4501.15,4511.15,4485.65,4494.25,4495.552905646278624468,64237,4082,288780832.00,50643,78.84,25.50,-6.90
26-August-2024,4480.30,4551.00,4480.30,4501.15,4514.102087274359549841,155945,12779,703951650.00,107772,69.11,70.70,20.85
23-August-2024,4500.00,4504.50,4453.15,4464.00,4463.870813930553054276,233214,13228,1041037168.00,106375,45.61,51.35,-36.00
22-August-2024,4564.00,4564.00,4497.35,4499.95,4522.200318529862174578,81625,8494,369124601.00,52584,64.42,66.65,-64.05
21-August-2024,4501.05,4558.80,4500.00,4551.70,4512.785468977590100624,74833,6592,337705275.00,58862,78.66,58.80,50.65
20-August-2024,4503.00,4564.75,4500.00,4522.55,4532.341373154312493026,53774,5597,243722125.00,18557,34.51,64.75,19.55
19-August-2024,4417.90,4493.00,4390.45,4489.35,4453.788889372632678827,91876,10573,409196308.00,49642,54.03,102.55,71.45
16-August-2024,4353.95,4427.90,4327.25,4416.55,4399.937995737002491291,183439,14480,807120226.00,36848,20.09,100.65,62.60
14-August-2024,4206.15,4304.20,4190.90,4291.65,4280.802060779966088430,115005,10901,492313641.00,75482,65.63,113.30,85.50
13-August-2024,4211.05,4232.85,4183.60,4195.00,4212.269833308747602891,33895,6153,142774886.00,16029,47.29,49.25,-16.05
12-August-2024,4239.80,4239.80,4188.85,4196.10,4210.713259419699341639,46631,5576,196349770.00,20804,44.61,50.95,-43.70
9-August-2024,4227.95,4251.50,4215.00,4230.05,4233.010713317059940330,169602,13351,717927083.00,24701,14.56,36.50,2.10
8-August-2024,4178.00,4231.00,4160.50,4170.90,4197.823313502684019759,65387,7067,274483073.00,27388,41.89,70.50,-7.10
7-August-2024,4220.05,4242.00,4181.00,4200.80,4203.464565836051919205,14407,2475,60559314.00,5542,38.47,61.00,-19.25
6-August-2024,4162.60,4256.00,4160.15,4170.70,4201.277610260701455715,69313,8045,291203155.00,30372,43.82,95.85,8.10
5-August-2024,4200.05,4233.45,4110.80,4155.30,4166.980414531033708705,53458,6696,222758439.00,23657,44.25,122.65,-44.75
2-August-2024,4363.00,4397.40,4268.30,4283.00,4293.437263969171483622,311400,20260,1336976364.00,56643,18.19,129.10,-80.00
1-August-2024,4399.75,4419.00,4365.65,4395.75,4397.297286554666384016,75476,5654,331890410.00,50551,66.98,53.35,-4.00
31-July-2024,4363.95,4414.40,4348.30,4384.65,4389.022920186455513261,49127,5334,215619529.00,30477,62.04,66.10,20.70
30-July-2024,4381.25,4397.95,4327.50,4364.25,4356.830476190476190476,32025,4929,139527496.00,13311,41.56,70.45,-17.00
29-July-2024,4421.85,4431.25,4370.80,4380.20,4391.223405708043151713,65907,9441,289412361.00,42046,63.80,60.45,-41.65
26-July-2024,4331.05,4421.50,4331.05,4387.95,4390.363472184632039957,406430,24635,1784375426.00,128313,31.57,90.45,56.90
25-July-2024,4296.95,4343.95,4276.50,4322.90,4321.500578987999157835,56996,5753,246308247.00,27022,47.41,67.45,25.95
24-July-2024,4281.05,4339.00,4277.25,4306.20,4306.948001311487031342,112849,11734,486034775.00,77218,68.43,61.75,25.15
23-July-2024,4298.95,4360.00,4265.55,4302.50,4302.111690438229844443,69621,8422,299517318.00,33805,48.56,94.45,3.55
22-July-2024,4295.05,4318.00,4265.00,4286.20,4289.611109261047653934,90087,8841,386438196.00,62874,69.79,53.00,-8.85
19-July-2024,4314.30,4360.25,4286.15,4302.75,4312.066310915141569899,239493,18804,1032709697.00,37163,15.52,74.10,-11.55
18-July-2024,4159.95,4324.30,4159.95,4314.30,4275.688959634666657468,289927,16239,1239637673.00,182980,63.11,164.35,154.35
16-July-2024,4180.00,4193.35,4144.65,4175.35,4170.449532358118634249,177807,8054,741535120.00,152015,85.49,48.70,-4.65
15-July-2024,4225.60,4237.05,4158.00,4168.00,4203.746511804256609878,158248,15998,665234478.00,77975,49.27,79.05,-57.60
12-July-2024,4001.15,4199.00,3974.10,4184.90,4133.847330964477341451,589314,42600,2436134106.00,130227,22.10,224.90,183.75
11-July-2024,3944.65,3979.90,3895.70,3922.70,3909.230434435538590488,551198,13798,2154759997.00,432532,78.47,84.20,-21.95
10-July-2024,3978.05,4003.00,3902.20,3909.90,3920.773255813953488372,214484,10799,840943131.00,171344,79.89,100.80,-68.15
9-July-2024,3976.10,4011.00,3976.00,3991.70,3992.215432552906045786,46214,3741,184496244.00,27017,58.46,35.00,15.60
8-July-2024,4015.05,4026.30,3910.00,3975.95,3988.056010869565217391,92000,9007,366901153.00,52713,57.30,116.30,-39.10
5-July-2024,4014.95,4026.80,3988.00,4012.45,4008.664962919734831843,305014,31429,1222698935.00,46507,15.25,38.80,-2.50
4-July-2024,4004.95,4047.75,3979.35,4021.25,4025.592937162554299080,56861,8076,228899240.00,21322,37.50,68.40,16.30
3-July-2024,4020.00,4020.85,3954.45,3964.85,3971.982341869334786269,40378,4893,160380703.00,18527,45.88,66.40,-55.15
2-July-2024,3990.00,4022.00,3984.00,4016.00,4004.966071252343827099,50665,6577,202911606.00,19478,38.44,38.00,26.00
1-July-2024,3904.00,4000.95,3886.05,3973.40,3969.453894503882601954,155437,17792,617000005.00,94108,60.54,114.90,69.40
28-June-2024,3927.50,3959.95,3896.40,3904.95,3918.527237302070034957,299222,32611,1172509557.00,31173,10.42,63.55,-22.55
27-June-2024,3825.00,3940.00,3819.10,3933.50,3901.774924945109109647,200853,27963,783683199.00,138245,68.83,120.90,108.50
26-June-2024,3840.35,3865.00,3840.35,3856.05,3856.696846863445971674,81411,8679,313977547.00,46618,57.26,24.65,15.70
25-June-2024,3820.00,3846.90,3793.70,3839.10,3821.196429936549193486,52324,7544,199940282.00,28273,54.03,53.20,19.10
24-June-2024,3810.75,3856.00,3798.00,3817.30,3834.289115861371110548,31624,3879,121255559.00,11437,36.17,58.00,6.55
21-June-2024,3848.95,3877.10,3797.30,3808.95,3820.290691008893829905,345408,29667,1319558967.00,49674,14.38,79.80,-40.00
20-June-2024,3801.00,3809.35,3780.10,3786.60,3792.929049486208761492,29584,4043,112210013.00,12839,43.40,29.25,-14.40
19-June-2024,3821.50,3832.55,3794.00,3801.10,3810.263572414257345764,29711,3414,113206741.00,15814,53.23,38.55,-20.40
18-June-2024,3822.15,3842.00,3797.35,3814.75,3818.895111241935879510,40767,4541,155684897.00,16572,40.65,44.65,-7.40
14-June-2024,3885.30,3887.00,3826.45,3831.95,3837.780763769523951872,66905,6174,256766722.00,20071,30.00,60.55,-53.35
13-June-2024,3859.25,3889.95,3853.75,3877.50,3871.910082291601231233,79595,9660,308184683.00,43999,55.28,36.20,18.25
12-June-2024,3879.65,3893.30,3827.20,3832.40,3861.525126786537574919,23859,3191,92132128.00,9384,39.33,66.10,-47.25
11-June-2024,3861.95,3878.00,3842.00,3852.05,3864.457488832281168088,27087,2851,104676560.00,13789,50.91,36.00,-9.90
10-June-2024,3904.95,3904.95,3842.00,3856.30,3865.187214735926972397,36808,4347,142269811.00,15246,41.42,62.95,-48.65
7-June-2024,3835.00,3915.00,3835.00,3892.90,3892.906673680241502829,429643,34300,1672560102.00,99487,23.16,80.00,57.90
6-June-2024,3776.00,3839.00,3742.00,3830.70,3791.429905258821914046,101962,11784,386581776.00,47102,46.20,97.00,54.70
5-June-2024,3715.00,3783.60,3700.00,3746.60,3749.453075205617998969,104806,13660,392965179.00,49278,47.02,83.60,31.60
4-June-2024,3719.95,3743.85,3593.30,3715.80,3688.636885380775962224,200551,25717,739759816.00,93232,46.49,150.55,-4.15
3-June-2024,3774.90,3774.90,3696.10,3707.35,3713.729343456900401965,51497,5263,191245920.00,24488,47.55,78.80,-67.55
31-May-2024,3749.50,3749.50,3655.00,3669.50,3692.218462818963354844,350824,29499,1295318850.00,84222,24.01,94.50,-80.00
30-May-2024,3781.00,3794.70,3717.00,3735.80,3751.011929729474974078,169744,20063,636711769.00,110335,65.00,77.70,-45.20
29-May-2024,3842.00,3844.25,3800.55,3805.45,3815.461261531538288457,93331,11021,356100815.00,55936,59.93,43.70,-36.55
28-May-2024,3883.95,3883.95,3831.55,3840.00,3853.900719689979701051,27095,3135,104421440.00,9288,34.28,52.40,-43.95
27-May-2024,3852.65,3907.00,3840.00,3846.55,3879.844803137728164127,99435,11304,385792368.00,44445,44.70,67.00,-6.10
24-May-2024,3870.15,3885.00,3842.45,3850.75,3855.532867474291294132,163855,14019,631748338.00,44711,27.29,42.55,-19.40
23-May-2024,3835.80,3904.75,3827.70,3895.10,3867.682292592498539830,39379,4756,152305461.00,11243,28.55,77.05,59.30
22-May-2024,3840.00,3841.45,3816.00,3831.35,3828.675424898725869599,88374,11817,338355362.00,51259,58.00,25.45,-8.65
21-May-2024,3844.95,3844.95,3810.10,3821.65,3819.540717694343257636,90317,8865,344969459.00,74193,82.15,34.85,-23.30
18-May-2024,3843.15,3860.00,3840.00,3850.00,3848.714251724958363073,4203,711,16176146.00,2310,54.96,20.00,6.85
17-May-2024,3915.05,3920.00,3829.70,3833.95,3862.839694656488549618,223617,19632,863796624.00,80177,35.85,90.30,-81.10
16-May-2024,3888.75,3910.00,3844.50,3900.30,3881.540830667105223813,33443,4023,129810370.00,7590,22.70,65.50,11.55
15-May-2024,3901.95,3930.20,3875.05,3880.35,3894.728907778262521637,71057,7667,276747752.00,35104,49.40,55.15,-21.60
14-May-2024,3926.15,3945.20,3893.80,3901.95,3916.731367264434539234,19294,2724,75569415.00,6290,32.60,51.40,-24.20
13-May-2024,3888.00,3955.00,3869.65,3946.80,3916.359070935342121782,68499,9512,268266680.00,35805,52.27,85.35,58.80
10-May-2024,3965.00,3973.80,3884.65,3895.85,3903.323804278895898000,119844,11071,467789938.00,17219,14.37,89.15,-69.15
9-May-2024,3959.35,3970.00,3911.05,3960.05,3943.748673420164013506,24876,3876,98104692.00,5757,23.14,58.95,0.70
8-May-2024,3951.55,3984.00,3940.05,3972.70,3967.177417426989123072,25099,2921,99572186.00,9473,37.74,43.95,21.15
7-May-2024,3925.85,3988.30,3912.70,3978.25,3946.016622871328813460,68881,4882,271805571.00,35602,51.69,75.60,52.40
6-May-2024,3859.95,3939.10,3855.00,3920.70,3915.165485431432107098,53334,5434,208811436.00,20625,38.67,84.10,60.75
3-May-2024,3881.65,3893.30,3798.05,3839.35,3833.025423956209080176,149072,19106,571396766.00,42097,28.24,95.25,-42.30
2-May-2024,3800.00,3870.20,3782.50,3863.75,3847.820372926378291101,76798,9478,295504909.00,37076,48.28,87.70,63.75
30-April-2024,3870.60,3880.00,3810.00,3822.60,3852.793143621278276990,98711,9592,380313064.00,58655,59.42,70.00,-48.00
29-April-2024,3825.60,3877.70,3820.00,3870.60,3857.027978298883558265,22303,2585,86023295.00,7904,35.44,57.70,45.00
26-April-2024,3859.65,3875.85,3801.25,3812.85,3833.223590300461507474,114191,9938,437719635.00,14962,13.10,74.60,-46.80
25-April-2024,3814.20,3872.00,3807.80,3851.85,3849.588312890534598472,86420,8502,332681422.00,38677,44.75,64.20,37.65
24-April-2024,3890.00,3896.00,3824.15,3831.25,3856.428315598235141448,38530,3175,148588183.00,21765,56.49,71.85,-58.75
23-April-2024,3880.00,3894.90,3861.40,3874.20,3876.935457728215767634,61696,5291,239191410.00,31278,50.70,33.50,-5.80
22-April-2024,3828.60,3879.35,3815.50,3865.45,3838.495210433176886973,51988,6539,199555689.00,22950,44.14,63.85,36.85
19-April-2024,3840.60,3851.80,3801.00,3827.45,3830.181015432748983625,223097,20611,854501894.00,61926,27.76,50.80,-13.15
18-April-2024,3889.75,3936.00,3851.00,3863.50,3895.470341430786537350,65782,5762,256251830.00,20615,31.34,85.00,-26.25
16-April-2024,3909.00,3928.10,3863.65,3872.30,3898.832044712983538716,163353,14039,636885911.00,87804,53.75,64.45,-36.70
15-April-2024,3995.00,4063.00,3920.00,3941.65,3993.727355254230809658,104649,8182,417939574.00,22884,21.87,143.00,-53.35
12-April-2024,3982.50,4013.25,3948.00,4000.30,3989.614700559623576579,179585,13418,716474956.00,33638,18.73,65.25,17.80
10-April-2024,3950.05,3989.30,3916.60,3982.55,3948.908349301943607993,109590,7989,432760866.00,58246,53.15,72.70,32.50
9-April-2024,3980.00,4015.05,3925.10,3947.15,3961.617381976894719321,81107,9845,321314901.00,36478,44.98,89.95,-32.85
8-April-2024,3980.00,4030.00,3960.10,3972.70,3999.473505427265786649,90377,8542,361460417.00,53472,59.17,69.90,-7.30
5-April-2024,3980.00,4001.90,3959.50,3979.55,3981.048460232523155609,93066,6207,370500256.00,23823,25.60,42.40,-0.45
4-April-2024,3970.05,4027.30,3936.00,4003.05,3986.892603634298693923,42264,4289,168502029.00,14217,33.64,91.30,33.00
3-April-2024,3859.55,3981.20,3855.70,3947.25,3934.958210201721701143,62264,5416,245006238.00,15746,25.29,125.50,87.70
2-April-2024,3889.95,3905.50,3875.00,3882.60,3885.614289606320664759,44046,5109,171145767.00,29108,66.09,30.50,-7.35
1-April-2024,3900.00,3932.00,3886.60,3915.25,3905.342359636456298309,58865,6999,229887978.00,31145,52.91,45.40,15.25
28-March-2024,3856.45,3914.65,3840.50,3883.55,3888.294578747298069517,80498,5802,312999937.00,13961,17.34,74.15,27.10
27-March-2024,3896.95,3896.95,3828.55,3837.50,3866.554205568231127783,71441,6226,276230499.00,49164,68.82,68.40,-59.45
26-March-2024,3897.55,3946.00,3872.00,3877.10,3894.579845288257310056,203863,13166,793960731.00,154398,75.74,74.00,-20.45
22-March-2024,3899.00,3938.40,3856.00,3913.10,3905.817574277161267876,275926,24449,1077716620.00,105781,38.34,82.40,14.10
21-March-2024,3985.40,4008.45,3948.85,3974.05,3977.999584148351225222,64927,5295,258279579.00,38457,59.23,59.60,-11.35
20-March-2024,3986.00,4018.00,3960.50,3970.45,3995.657416603376759946,136936,10788,547149344.00,68338,49.90,57.50,-15.55
19-March-2024,4055.65,4055.70,3965.90,3977.55,4030.540340982428484057,25582198,41364,103110081050.00,23490405,91.82,89.80,-78.10
18-March-2024,4217.50,4254.45,4116.70,4144.75,4194.654975943276778931,39490,9176,165646925.00,19791,50.12,137.75,-72.75
15-March-2024,4202.85,4238.80,4177.00,4217.50,4210.634805326617109455,106409,7584,448049439.00,30835,28.98,61.80,14.65
14-March-2024,4143.05,4213.70,4086.80,4207.15,4148.459858958524243993,50198,5222,208244388.00,10641,21.20,126.90,64.10
13-March-2024,4200.05,4241.05,4132.80,4148.40,4186.468454054054054054,46250,5633,193624166.00,17106,36.99,108.25,-51.65
12-March-2024,4117.30,4229.30,4117.30,4191.35,4200.229645198418655857,99915,7805,419665945.00,33533,33.56,112.00,74.05
11-March-2024,4080.35,4153.05,4080.35,4121.50,4126.539394283336170856,105726,8750,436282504.00,60960,57.66,72.70,41.15
7-March-2024,4060.10,4124.00,4039.00,4110.10,4099.213133903634351560,227716,15751,933456418.00,104730,45.99,85.00,50.00
6-March-2024,4016.15,4071.95,3959.35,4065.30,4006.269712486347711379,70501,5841,282446021.00,45041,63.89,112.60,49.15
5-March-2024,4060.00,4062.00,3980.50,4011.35,4016.297853443123713393,120472,10784,483851435.00,79444,65.94,81.50,-48.65
4-March-2024,4095.45,4114.10,4075.45,4081.60,4088.596158470046423881,108134,5352,442116257.00,86433,79.93,38.65,-13.85
2-March-2024,4110.05,4127.80,4094.05,4106.90,4108.953485064011379800,7030,1576,28885943.00,5042,71.72,33.75,-3.15
1-March-2024,4095.40,4139.90,4087.85,4096.30,4105.805760867767911768,120954,9329,496613630.00,11641,9.62,52.05,0.90
29-February-2024,4100.00,4138.00,4068.80,4092.15,4104.277801434701431425,30529,3727,125299497.00,13197,43.23,69.20,-7.85
28-February-2024,4103.00,4154.25,4091.30,4116.40,4129.191863249910190396,33404,4110,137931525.00,12029,36.01,62.95,13.40
27-February-2024,3999.80,4124.65,3997.05,4102.80,4069.288337365230116775,334830,5170,1362519814.00,300046,89.61,127.60,103.00
26-February-2024,4039.00,4050.85,3983.30,4000.40,4002.927792573237525752,19901,2847,79662266.00,8525,42.84,67.55,-38.60
23-February-2024,4121.05,4128.95,4045.50,4051.95,4066.190299138076728071,171593,11165,697729792.00,19409,11.31,83.45,-69.10
22-February-2024,3968.35,4093.80,3968.35,4086.45,4030.308450349474214470,31762,3746,128010657.00,15700,49.43,125.45,118.10
21-February-2024,4018.85,4063.00,3980.00,3989.30,4021.810418375717801476,24380,3703,98051738.00,10230,41.96,83.00,-29.55
20-February-2024,4089.90,4098.85,4011.10,4029.95,4048.018029322414476291,30284,10021,122590178.00,15464,51.06,87.75,-59.95
19-February-2024,4119.15,4121.65,4055.10,4101.60,4089.562543983110485573,56840,7146,232450735.00,31404,55.25,66.55,-17.55
16-February-2024,4112.05,4147.00,4100.90,4129.20,4123.419008252017829177,132816,10303,547656019.00,23751,17.88,46.10,17.15
15-February-2024,4122.30,4145.00,4081.70,4102.00,4105.809709182505152278,39303,5405,161370639.00,20217,51.44,63.30,-20.30
14-February-2024,4102.05,4114.50,4049.55,4101.00,4087.580763920846755637,15211,2343,62176191.00,5808,38.18,64.95,-1.05
13-February-2024,4120.05,4169.35,4082.40,4149.15,4127.852399197226783433,21924,2625,90499036.00,11166,50.93,86.95,29.10
12-February-2024,4130.90,4159.35,4106.10,4119.05,4129.262791792332769651,57361,7806,236858643.00,37640,65.62,53.25,-11.85
9-February-2024,4130.00,4184.55,4098.40,4134.25,4133.264476578914843653,202275,20214,836056072.00,41307,20.42,86.15,4.25
8-February-2024,4090.00,4157.60,4085.75,4135.55,4127.763851874413056168,39399,4281,162629768.00,17876,45.37,71.85,45.55
7-February-2024,4140.15,4156.05,4072.85,4083.20,4085.312845410877537317,271054,4875,1107340388.00,245415,90.54,83.20,-56.95
6-February-2024,4000.00,4149.75,3987.10,4133.45,4109.491894007155635062,107328,13756,441063546.00,42301,39.41,162.65,133.45
5-February-2024,3973.60,4020.00,3960.45,3972.75,3999.497273701462430660,126912,16261,507584198.00,85716,67.54,59.55,-0.85
2-February-2024,3860.00,3982.05,3860.00,3966.35,3948.866383827741006226,178429,16918,704592280.00,38439,21.54,122.05,106.35
1-February-2024,3816.20,3904.70,3805.00,3851.45,3833.333643843128913672,780437,5552,2991675409.00,739259,94.72,99.70,35.25
31-January-2024,3804.15,3834.90,3797.00,3814.75,3813.248610424901185770,32384,3492,123488243.00,14752,45.55,37.90,10.60
30-January-2024,3801.50,3845.75,3786.00,3799.10,3822.736271129116455528,272018,6833,1039853075.00,248652,91.41,59.75,-2.40
29-January-2024,3807.85,3820.50,3782.00,3801.35,3807.918446787424327454,251247,3288,956728086.00,234767,93.44,38.50,-6.50
25-January-2024,3836.80,3855.00,3780.00,3808.20,3818.021819854662854183,1089054,25350,4158031935.00,692438,63.58,75.00,-28.60
24-January-2024,3862.20,3881.40,3805.00,3848.00,3844.650471957982884636,408405,11654,1570174476.00,285785,69.98,76.40,-14.20
23-January-2024,3900.00,3933.00,3844.25,3861.90,3885.269758227385509030,51991,4344,201999060.00,30712,59.07,88.75,-38.10
20-January-2024,3945.45,3953.95,3857.00,3860.60,3898.915404871626069782,21266,2331,82914335.00,9592,45.10,96.95,-84.85
19-January-2024,3930.00,3963.00,3917.40,3942.25,3939.859621496008911000,562002,25902,2214208987.00,163439,29.08,45.60,12.25
18-January-2024,3890.20,3908.00,3862.00,3903.50,3889.478742343320961950,99423,6246,386703645.00,14091,14.17,46.00,13.30
17-January-2024,3835.85,3910.00,3818.10,3884.15,3880.964648664343786295,41328,3964,160392507.00,16012,38.74,91.90,48.30
16-January-2024,3902.25,3902.25,3855.25,3861.00,3874.263056548905568436,25447,2776,98588372.00,13933,54.75,47.00,-41.25
15-January-2024,3952.45,3965.00,3885.00,3902.40,3915.528199201041339377,89116,9790,348936211.00,49790,55.87,80.00,-50.05
12-January-2024,3843.95,3905.75,3820.60,3881.70,3883.534830452765071626,1168288,49772,4537087140.00,352345,30.16,85.15,37.75
11-January-2024,3723.00,3772.00,3708.00,3736.20,3739.515234957550710087,205186,10641,767296173.00,150130,73.17,64.00,13.20
10-January-2024,3690.15,3730.00,3688.00,3713.70,3711.268837893379538219,99268,8875,368410235.00,73392,73.93,42.00,23.55
9-January-2024,3718.85,3752.10,3683.15,3690.15,3717.684808036328608779,87204,5066,324196986.00,61580,70.62,68.95,-28.70
8-January-2024,3737.75,3738.15,3671.05,3677.70,3697.009691027248888382,26313,3868,97279416.00,12045,45.78,67.10,-60.05
5-January-2024,3671.20,3746.90,3671.20,3737.75,3726.553537922235025584,226503,17793,844075556.00,67741,29.91,75.70,66.55
4-January-2024,3700.00,3719.15,3651.55,3667.00,3666.270452502247527719,113458,10057,415967713.00,80063,70.57,67.60,-33.00
3-January-2024,3770.00,3770.00,3688.20,3691.55,3710.651255226019196419,101894,15635,378093099.00,57107,56.05,81.80,-78.45
2-January-2024,3814.40,3814.40,3766.45,3783.25,3786.621209979503851862,28298,3037,107153807.00,15955,56.38,47.95,-31.15
1-January-2024,3792.00,3831.90,3772.80,3810.60,3803.632274555938012867,68853,8634,261891493.00,40802,59.26,59.10,18.60
29-December-2023,3797.85,3822.95,3766.05,3794.95,3797.496589758870883824,105711,13393,401437162.00,37012,35.01,56.90,-2.90
28-December-2023,3822.10,3838.25,3793.75,3801.05,3816.453069455838118676,29256,3578,111654151.00,15829,54.11,44.50,-21.05
27-December-2023,3795.55,3818.00,3768.10,3810.80,3793.607635206786850477,28290,3086,107321160.00,11058,39.09,49.90,15.25
26-December-2023,3780.10,3833.85,3780.10,3794.60,3805.421841175800387376,70216,9316,267201500.00,37554,53.48,53.75,14.50
22-December-2023,3796.30,3845.95,3762.70,3825.30,3806.971265226520292852,127163,12697,484105887.00,38559,30.32,83.25,29.00
21-December-2023,3734.40,3805.00,3734.40,3789.45,3780.868269358187199081,90556,10282,342380307.00,48993,54.10,70.60,55.05
20-December-2023,3821.60,3898.85,3768.00,3780.35,3842.787845849802371541,60720,6313,233334078.00,31838,52.43,130.85,-41.25
19-December-2023,3841.40,3852.00,3791.00,3812.10,3814.309722581360127073,54142,4932,206514357.00,25899,47.84,61.00,-29.30
18-December-2023,3860.00,3928.95,3831.20,3858.00,3871.535904219052554067,73334,7352,283915214.00,33855,46.17,97.75,-2.00
15-December-2023,3660.20,3894.05,3660.20,3860.05,3806.093426520034651357,272428,22523,1036886420.00,112510,41.30,233.85,199.85
14-December-2023,3620.25,3676.35,3620.25,3666.60,3663.531251395242173452,246373,24524,902595185.00,180323,73.19,56.10,46.35
13-December-2023,3641.00,3650.00,3563.05,3593.75,3601.428949027805371040,115769,12438,416933828.00,61727,53.32,86.95,-47.25
12-December-2023,3640.00,3699.00,3632.20,3672.05,3670.187487078767831300,77392,10223,284043150.00,44811,57.90,66.80,32.05
11-December-2023,3626.40,3652.70,3623.00,3642.20,3636.902291591483219054,22168,2581,80622850.00,10697,48.25,29.70,15.80
8-December-2023,3620.15,3644.00,3601.15,3626.40,3624.948673927623713294,274344,20588,994482919.00,47785,17.42,42.85,6.25
7-December-2023,3616.95,3631.00,3592.35,3616.70,3615.689037065032529762,37043,3410,133935969.00,18031,48.68,38.65,-0.25
6-December-2023,3530.45,3612.40,3526.90,3603.35,3575.521519350019442113,48863,4533,174710708.00,23913,48.94,85.50,72.90
5-December-2023,3537.00,3537.00,3503.00,3529.90,3521.410581030312387422,77724,4988,273698116.00,56548,72.75,34.00,-7.10
4-December-2023,3533.05,3545.00,3499.00,3509.65,3512.862296032469146028,48292,3638,169643146.00,29183,60.43,46.00,-23.40
1-December-2023,3495.10,3517.15,3490.00,3509.60,3505.366130174889830949,441821,21656,1548744369.00,82730,18.72,27.15,14.50
30-November-2023,3507.45,3515.00,3481.30,3493.40,3500.046027089983607971,46364,3733,162276134.00,28928,62.39,33.70,-14.05
29-November-2023,3475.15,3517.00,3475.15,3513.10,3503.711665055705346695,98285,9376,344362301.00,57448,58.45,41.85,37.95
28-November-2023,3453.00,3480.00,3431.60,3470.45,3451.067425836670965990,58924,7584,203350697.00,36598,62.11,48.40,17.45
24-November-2023,3499.00,3504.90,3452.25,3457.60,3472.673163045054262632,365537,26628,1269390530.00,74167,20.29,52.65,-41.40
23-November-2023,3539.75,3543.40,3499.00,3508.95,3511.485518113835072792,196038,16153,688384598.00,108525,55.36,44.40,-30.80
22-November-2023,3492.05,3532.45,3481.00,3529.85,3509.470843272796921523,114862,12085,403104840.00,60499,52.67,51.45,37.80
21-November-2023,3523.00,3539.40,3502.00,3510.30,3527.833463498849062808,48656,5370,171650265.00,28121,57.80,37.40,-12.70
20-November-2023,3493.95,3533.10,3493.00,3519.30,3518.068384674672434797,80442,10863,283000457.00,53813,66.90,40.10,25.35
17-November-2023,3518.95,3524.50,3494.05,3502.65,3513.085903270382312298,271375,23780,953363687.00,64193,23.65,30.45,-16.30
16-November-2023,3467.00,3529.00,3415.50,3498.00,3491.666317431354660231,169895,11085,593216649.00,104373,61.43,113.50,31.00
15-November-2023,3385.10,3413.00,3360.00,3399.30,3390.789325448218827531,128174,10535,434611031.00,102130,79.68,53.00,14.20
13-November-2023,3350.00,3357.00,3327.00,3331.70,3334.093061323471460183,32989,6514,109988396.00,21587,65.44,30.00,-18.30
12-November-2023,3359.95,3360.00,3340.00,3358.25,3357.018177381969013053,8197,1569,27517478.00,6264,76.42,20.00,-1.70
10-November-2023,3343.95,3347.00,3322.35,3332.80,3331.095814760758944420,253510,17372,844466100.00,88382,34.86,24.65,-11.15
9-November-2023,3391.00,3392.50,3343.00,3348.25,3365.614528963805938221,35061,3698,118001811.00,25705,73.32,49.50,-42.75
8-November-2023,3377.95,3402.00,3371.85,3380.75,3391.294480053853133140,68334,5776,231740717.00,54046,79.09,30.15,2.80
7-November-2023,3385.00,3404.55,3366.05,3370.10,3383.158612079280029131,38446,5345,130068916.00,18284,47.56,38.50,-14.90
6-November-2023,3364.00,3393.65,3360.00,3385.35,3375.658174396509254697,14209,2051,47964727.00,7382,51.95,33.65,21.35
3-November-2023,3387.40,3387.40,3345.95,3350.85,3361.017381321301551875,124559,11227,418644964.00,12417,9.97,41.45,-36.55
2-November-2023,3341.55,3375.00,3341.55,3359.95,3364.438669438669438669,39442,5420,132700190.00,17129,43.43,33.45,18.40
1-November-2023,3354.75,3371.90,3313.00,3332.55,3349.427148814339951453,16067,2819,53815246.00,10234,63.70,58.90,-22.20
31-October-2023,3386.05,3398.30,3350.55,3368.20,3364.320496208339528856,47077,6781,158382116.00,21322,45.29,47.75,-17.85
30-October-2023,3354.00,3382.90,3333.25,3378.95,3367.154817314405399115,17188,2274,57874657.00,8680,50.50,49.65,24.95
27-October-2023,3357.90,3363.05,3338.50,3350.55,3352.955848401266727959,342615,23885,1148772968.00,42312,12.35,24.55,-7.35
26-October-2023,3369.85,3372.50,3330.40,3337.75,3340.847987857037194255,155481,7442,519438386.00,112929,72.63,42.10,-32.10
25-October-2023,3399.95,3425.90,3377.00,3389.85,3400.044622106535279352,32271,3979,109722840.00,14485,44.89,48.90,-10.10
23-October-2023,3475.00,3480.10,3401.70,3409.00,3440.610514819417768237,26553,4465,91358531.00,15099,56.86,78.40,-66.00
20-October-2023,3454.70,3500.45,3444.05,3494.25,3479.151297422523735207,391507,19967,1362112087.00,135510,34.61,56.40,39.55
19-October-2023,3473.95,3478.35,3451.85,3454.75,3463.117045480767012022,216685,4389,750405517.00,200616,92.58,26.50,-19.20
18-October-2023,3507.10,3523.55,3485.00,3487.15,3503.044149926370481509,35991,4011,126078062.00,25271,70.21,38.55,-19.95
17-October-2023,3536.95,3536.95,3503.35,3506.65,3516.571748850683292398,79395,9268,279198214.00,48148,60.64,33.60,-30.30
16-October-2023,3564.95,3574.95,3517.75,3524.15,3539.126571023478239973,41613,5565,147273674.00,26396,63.43,57.20,-40.80
13-October-2023,3529.95,3579.20,3525.00,3570.30,3567.194606708549175208,326628,22207,1165145640.00,57205,17.51,54.20,40.35
12-October-2023,3585.00,3588.75,3539.00,3542.25,3557.302674665849231951,205521,23545,731100403.00,120532,58.65,49.75,-42.75
11-October-2023,3664.00,3664.00,3606.00,3610.20,3620.683947011381623577,530680,10655,1921424557.00,484580,91.31,58.00,-53.80
10-October-2023,3639.95,3650.00,3601.90,3629.20,3624.241072199112829452,57937,5992,209977655.00,28387,49.00,48.10,-10.75
9-October-2023,3654.00,3680.00,3630.00,3637.25,3653.540508987312030075,136192,11229,497582989.00,60541,44.45,50.00,-16.75
6-October-2023,3590.00,3634.25,3576.95,3620.20,3610.822780022692437844,251185,17693,906984520.00,25538,10.17,57.30,30.20
5-October-2023,3557.95,3624.00,3553.65,3589.10,3587.009755872017754762,64884,6492,232739541.00,31167,48.03,70.35,31.15
4-October-2023,3485.60,3546.00,3477.00,3536.65,3501.523666849431365959,282695,8597,989863233.00,232685,82.31,69.00,51.05
3-October-2023,3531.05,3534.75,3480.00,3515.25,3507.518171721640827456,110749,9261,388454130.00,71491,64.55,54.75,-15.80
29-September-2023,3535.00,3568.00,3506.00,3530.75,3541.684654259778208905,83502,10470,295737752.00,32460,38.87,62.00,-4.25
28-September-2023,3599.95,3602.55,3528.80,3537.25,3581.846845091103250350,374575,3962,1341670282.00,359092,95.87,73.75,-62.70
27-September-2023,3595.95,3613.00,3555.60,3587.65,3588.373434535104364326,26350,3159,94553640.00,10882,41.30,57.40,-8.30
26-September-2023,3577.40,3593.10,3536.35,3583.15,3563.439552501761804087,113520,10717,404521658.00,90385,79.62,56.75,5.75
25-September-2023,3599.90,3611.00,3560.05,3577.45,3578.894988688720700233,84429,5782,302162525.00,72980,86.44,50.95,-22.45
22-September-2023,3580.05,3633.05,3564.55,3602.65,3603.125823127577081666,32498,4575,117094383.00,14414,44.35,68.50,22.60
21-September-2023,3590.00,3604.25,3528.10,3583.95,3558.070235280437226249,103196,11587,367178616.00,52444,50.82,76.15,-6.05
20-September-2023,3561.05,3625.00,3561.05,3606.55,3612.627450980392156862,32742,3720,118284648.00,16285,49.74,63.95,45.50
18-September-2023,3583.95,3618.95,3574.05,3604.90,3604.188308588064046579,85875,9548,309509671.00,64307,74.88,44.90,20.95
15-September-2023,3562.00,3606.50,3562.00,3599.85,3590.815895064871580748,49097,4493,176298288.00,24699,50.31,44.50,37.85
14-September-2023,3567.85,3597.65,3546.05,3559.15,3565.320230144041200611,24854,2660,88612469.00,9824,39.53,51.60,-8.70
13-September-2023,3562.55,3588.00,3545.05,3565.55,3565.630016835931135610,36826,3805,131307891.00,17553,47.66,42.95,3.00
12-September-2023,3485.05,3589.85,3484.05,3580.60,3545.046215077106619336,102261,8759,362519971.00,46146,45.13,105.80,95.55
11-September-2023,3451.15,3484.50,3445.10,3479.35,3471.911451277401461411,93745,10436,325474339.00,67224,71.71,39.40,28.20
8-September-2023,3445.05,3463.50,3435.10,3443.25,3445.087381504107857594,189880,14305,654153192.00,36639,19.30,28.40,-1.80
7-September-2023,3445.95,3462.00,3423.00,3455.55,3442.443303063196632336,37771,6066,130024526.00,21331,56.47,39.00,9.60
6-September-2023,3429.55,3443.60,3400.00,3429.85,3426.597405106970324361,36225,3001,124128491.00,23220,64.10,43.60,0.30
5-September-2023,3417.85,3447.00,3406.00,3427.85,3435.807218139624830787,41368,3635,142132473.00,24785,59.91,41.00,10.00
4-September-2023,3371.05,3432.55,3370.05,3417.85,3403.721864383747791819,36795,3473,125239946.00,20401,55.44,62.50,46.80
1-September-2023,3359.05,3389.00,3357.05,3379.20,3379.108705743343039203,47394,6585,160149478.00,23822,50.26,31.95,20.15
31-August-2023,3392.20,3416.50,3345.00,3357.05,3378.869939407973447570,25911,2894,87549899.00,11576,44.68,71.50,-35.15
30-August-2023,3390.00,3408.65,3382.05,3390.05,3398.840338451463923210,116058,7842,394462612.00,86112,74.20,26.60,0.05
29-August-2023,3376.05,3389.40,3366.00,3377.65,3377.139157961380183602,63180,4732,213367652.00,52380,82.91,23.40,1.60
28-August-2023,3386.05,3391.80,3360.00,3375.00,3375.291883562059383835,82413,7090,278167930.00,72929,88.49,31.80,-11.05
25-August-2023,3375.00,3385.00,3350.00,3380.60,3370.488666315234580917,155554,12857,524292994.00,68135,43.80,35.00,5.60
24-August-2023,3405.00,3413.55,3378.35,3388.80,3392.013151913993794589,101202,10422,343278515.00,70029,69.20,35.20,-16.20
23-August-2023,3383.30,3401.90,3375.90,3399.45,3393.347830406407140782,130854,7017,444033137.00,63954,48.87,26.00,16.15
22-August-2023,3401.75,3410.00,3366.00,3383.25,3381.173183797410335739,69816,6468,236059987.00,40484,57.99,44.00,-18.50
21-August-2023,3367.00,3409.00,3366.95,3401.75,3394.233392454047081586,62020,6538,210510355.00,33009,53.22,42.05,34.75
18-August-2023,3411.30,3412.50,3350.00,3367.65,3370.874423884352904169,584952,29375,1971799736.00,155983,26.67,62.50,-43.65
17-August-2023,3457.55,3461.00,3414.00,3441.35,3433.103565582977630861,62318,6040,213944148.00,45287,72.67,47.00,-16.20
16-August-2023,3455.00,3465.05,3434.00,3457.55,3451.309184358696213647,38718,5343,133627789.00,23882,61.68,31.05,2.55
14-August-2023,3425.05,3454.50,3410.30,3449.85,3429.764997571472139702,88531,9633,303640525.00,54937,62.05,44.20,24.80
11-August-2023,3440.00,3466.40,3415.00,3449.35,3446.811849195067931638,121004,8501,417078021.00,65940,54.49,51.40,9.35
10-August-2023,3444.05,3455.00,3431.00,3443.45,3443.986255334488412386,85997,7887,296172486.00,60272,70.09,24.00,-0.60
9-August-2023,3469.00,3469.00,3425.00,3464.00,3453.612004448884951081,53047,3237,183203756.00,38575,72.72,44.00,-5.00
8-August-2023,3483.85,3487.50,3457.10,3469.85,3471.119493701846643023,81770,5750,283833441.00,69584,85.10,30.40,-14.00
7-August-2023,3443.00,3487.75,3442.00,3483.75,3459.901923235318342805,48564,4574,168026677.00,26833,55.25,45.75,40.75
4-August-2023,3391.10,3470.15,3391.10,3442.30,3443.948752574647733627,73311,4643,252479327.00,15154,20.67,79.05,51.20
3-August-2023,3425.00,3432.70,3367.30,3399.70,3400.057371341285351663,89034,9061,302720708.00,62126,69.78,65.40,-25.30
2-August-2023,3417.60,3446.70,3415.00,3440.65,3436.869441563221467527,59774,4485,205435434.00,37291,62.39,31.70,23.05
1-August-2023,3408.15,3461.00,3408.15,3450.85,3443.659238494020794152,28181,3106,97045761.00,11082,39.32,52.85,42.70
31-July-2023,3356.05,3426.00,3356.05,3421.10,3405.057910427303567145,29183,3273,99369805.00,12986,44.50,69.95,65.05
28-July-2023,3389.85,3389.85,3331.00,3355.35,3352.000883546514614475,97335,7525,326267006.00,70681,72.62,58.85,-34.50
27-July-2023,3385.05,3410.75,3385.05,3396.15,3394.762406056587091069,36192,3790,122863241.00,26788,74.02,25.70,11.10
26-July-2023,3385.05,3421.75,3384.90,3387.00,3399.269792712994247100,21902,2363,74450807.00,10335,47.19,36.85,1.95
25-July-2023,3394.20,3406.75,3382.00,3399.05,3395.739881055488192158,17319,2050,58810819.00,6881,39.73,24.75,4.85
24-July-2023,3374.00,3413.40,3371.00,3394.20,3395.287097817072656480,71143,9912,241550910.00,40799,57.35,42.40,20.20
21-July-2023,3423.95,3435.00,3357.70,3369.60,3387.837428706688608850,88718,8158,300562161.00,27808,31.34,77.30,-54.35
20-July-2023,3457.00,3478.50,3436.00,3462.35,3452.360337436039275342,72310,9476,249640176.00,32381,44.78,42.50,5.35
19-July-2023,3495.05,3516.00,3446.20,3471.00,3479.099175998309740122,94660,11038,329331528.00,36791,38.87,69.80,-24.05
18-July-2023,3486.00,3525.00,3464.00,3499.80,3494.718412391567665447,81733,7760,285633820.00,34377,42.06,61.00,13.80
17-July-2023,3512.00,3549.00,3477.50,3491.95,3512.697199022337241370,76509,9796,268752950.00,28991,37.89,71.50,-20.05
14-July-2023,3360.30,3524.00,3352.05,3512.00,3448.944044278936897413,392060,48018,1352193002.00,263973,67.33,171.95,151.70
13-July-2023,3276.00,3366.00,3273.05,3340.65,3338.073713713564678163,268661,30919,896810222.00,162250,60.39,92.95,64.65
12-July-2023,3275.15,3290.35,3250.00,3260.20,3268.589535436816235928,31535,3684,103074971.00,11037,35.00,40.35,-14.95
11-July-2023,3294.00,3294.00,3261.00,3271.85,3275.903127005072454995,82603,8276,270599426.00,54390,65.84,33.00,-22.15
10-July-2023,3326.10,3326.10,3265.00,3272.30,3286.513957526379057032,37435,6454,123030650.00,17092,45.66,61.10,-53.80
7-July-2023,3300.85,3356.40,3300.85,3325.70,3335.151134253117537808,60304,7210,201122954.00,18832,31.23,55.55,24.85
6-July-2023,3300.00,3327.00,3300.00,3322.85,3314.697917696286778030,60702,8494,201208793.00,37724,62.15,27.00,22.85
5-July-2023,3312.05,3329.00,3305.00,3320.50,3319.010096959976671283,27434,3120,91053723.00,9803,35.73,24.00,8.45
4-July-2023,3294.00,3314.85,3275.00,3308.00,3299.170200421940928270,37920,3884,125104534.00,12021,31.70,39.85,14.00
3-July-2023,3306.70,3318.65,3267.00,3271.40,3287.819635609670019410,45336,4671,149056591.00,18872,41.63,51.65,-35.30
30-June-2023,3215.00,3309.60,3215.00,3300.50,3284.251065812463599301,128775,10885,422929431.00,56980,44.25,94.60,85.50
28-June-2023,3203.05,3231.00,3193.20,3214.75,3218.997436007928983883,46412,3400,149400109.00,27817,59.93,37.80,11.70
27-June-2023,3200.00,3209.70,3183.00,3196.60,3194.460546372956332008,66914,7430,213754133.00,42092,62.90,26.70,-3.40
26-June-2023,3202.00,3210.25,3172.45,3189.90,3191.282848147668952430,115935,11157,369981377.00,85332,73.60,37.80,-12.10
23-June-2023,3236.00,3247.00,3209.00,3217.45,3219.927971457937079872,169294,12909,545114486.00,78694,46.48,38.00,-18.55
22-June-2023,3265.95,3267.00,3231.85,3238.85,3247.863064812323815984,85493,7324,277669557.00,59475,69.57,35.15,-27.10
21-June-2023,3240.05,3261.00,3224.50,3257.45,3245.097488452655889145,34640,2372,112410177.00,18737,54.09,36.50,17.40
20-June-2023,3214.00,3232.00,3201.60,3227.20,3222.178667198144658646,55192,3009,177838485.00,40908,74.12,30.40,13.20
19-June-2023,3175.30,3215.00,3173.00,3209.65,3193.695867000600627826,88241,12117,281814917.00,57630,65.31,42.00,34.35
16-June-2023,3203.95,3203.95,3156.20,3175.25,3175.484852290000660894,151310,12201,480482613.00,117575,77.70,47.75,-28.70
15-June-2023,3240.05,3245.45,3211.00,3216.25,3228.559025665292142680,133137,13562,429840663.00,101861,76.51,34.45,-23.80
14-June-2023,3241.05,3255.75,3226.00,3251.75,3246.853465198296513175,120224,7500,390349711.00,87024,72.38,29.75,10.70
13-June-2023,3256.00,3265.00,3240.60,3243.80,3251.959282658887119002,111746,9983,363393442.00,82383,73.72,24.40,-12.20
12-June-2023,3210.05,3254.30,3210.05,3248.55,3239.450171171738810828,95226,8501,308479882.00,50828,53.38,44.25,38.50
9-June-2023,3245.05,3249.95,3207.00,3210.45,3219.260083944977486160,137471,7523,442554903.00,116496,84.74,42.95,-34.60
8-June-2023,3269.95,3270.00,3233.10,3236.15,3245.210533810081321393,63206,6592,205116777.00,49635,78.53,36.90,-33.80
7-June-2023,3237.05,3278.80,3237.05,3274.60,3261.469418820869945673,109708,8187,357809287.00,70404,64.17,41.75,37.55
6-June-2023,3289.00,3289.00,3221.40,3234.15,3234.635956459908826304,150482,22300,486754488.00,116613,77.49,67.60,-54.85
5-June-2023,3313.00,3325.85,3285.00,3289.60,3299.023006788422756838,35207,3679,116148703.00,21127,60.01,40.85,-23.40
2-June-2023,3316.20,3336.75,3296.60,3304.40,3311.682008733624454148,22900,2616,75837518.00,8661,37.82,40.15,-11.80
1-June-2023,3310.00,3339.80,3295.00,3323.30,3326.627486898485162235,62779,8547,208842347.00,38590,61.47,44.80,13.30
31-May-2023,3314.80,3327.55,3271.00,3291.00,3302.582201206817460037,28339,3825,93591877.00,11941,42.14,56.55,-23.80
30-May-2023,3317.00,3326.30,3302.00,3314.80,3311.641012797715945803,39929,2902,132230514.00,10461,26.20,24.30,-2.20
29-May-2023,3355.00,3372.95,3312.85,3319.45,3337.149365185966932105,62538,8862,208698647.00,34107,54.54,60.10,-35.55
26-May-2023,3288.05,3339.00,3288.05,3329.00,3315.185530118136763142,66787,8296,221411296.00,46623,69.81,50.95,40.95
25-May-2023,3290.00,3305.65,3267.85,3294.75,3286.071487317827417179,30397,4190,99886715.00,17013,55.97,37.80,4.75
24-May-2023,3268.00,3317.35,3268.00,3301.05,3301.523733616719801629,11292,1757,37280806.00,6134,54.32,49.35,33.05
23-May-2023,3308.00,3328.95,3290.45,3295.70,3312.217056622143791645,32867,4121,108862638.00,13929,42.38,38.50,-12.30
22-May-2023,3222.85,3308.00,3218.15,3297.95,3265.417772724869123790,37822,4470,123504631.00,19827,52.42,89.85,75.10
19-May-2023,3204.00,3233.95,3202.10,3221.75,3219.886036269430051813,38600,5784,124287601.00,20257,52.48,31.85,17.75
18-May-2023,3215.05,3225.85,3196.00,3199.95,3202.400905982905982905,58500,9016,187340453.00,42235,72.20,29.85,-15.10
17-May-2023,3251.00,3272.45,3198.65,3209.10,3217.946922037373596160,21459,3153,69053923.00,10563,49.22,73.80,-41.90
16-May-2023,3262.00,3283.90,3250.75,3257.00,3267.161951803622212243,20043,2159,65483727.00,5449,27.19,33.15,-5.00
15-May-2023,3280.50,3292.75,3249.15,3253.15,3273.713991769547325102,20898,2506,68414075.00,10507,50.28,43.60,-27.35
12-May-2023,3281.50,3290.00,3259.35,3273.75,3273.840033326390335346,19204,2402,62870824.00,6402,33.34,30.65,-7.75
11-May-2023,3306.00,3309.00,3272.50,3281.50,3294.852036793692509855,22830,2796,75221472.00,9288,40.68,36.50,-24.50
10-May-2023,3288.00,3306.30,3268.00,3285.95,3286.529638678153529638,62216,7228,204474728.00,28230,45.37,38.30,-2.05
9-May-2023,3247.00,3298.20,3246.50,3283.90,3263.430018067986049834,23799,2548,77666371.00,11156,46.88,51.70,36.90
8-May-2023,3230.85,3253.00,3230.85,3249.95,3243.270019429929637245,53011,7380,171928987.00,35856,67.64,22.15,19.10
5-May-2023,3220.30,3242.90,3210.00,3230.85,3225.674898699082960119,23445,2366,75625948.00,11478,48.96,32.90,10.55
4-May-2023,3191.95,3224.50,3181.00,3220.35,3209.456932574879357291,74186,9026,238096772.00,48268,65.06,43.50,28.40
3-May-2023,3209.05,3215.75,3174.05,3180.30,3185.944664398966523541,53799,5090,171400637.00,33664,62.57,41.70,-28.75
2-May-2023,3217.00,3232.10,3211.00,3219.20,3224.921083272241148820,69567,5789,224348085.00,47359,68.08,21.10,2.20
28-April-2023,3208.00,3227.20,3197.15,3216.00,3212.139706451862752691,51644,7642,165887743.00,23268,45.05,30.05,8.00
27-April-2023,3200.00,3200.00,3171.00,3187.10,3183.108451477635782747,80128,8377,255056114.00,46831,58.45,29.00,-12.90
26-April-2023,3176.00,3207.00,3176.00,3199.70,3198.564834037564418826,40943,3252,130958840.00,13685,33.42,31.00,23.70
25-April-2023,3180.00,3190.85,3148.90,3175.30,3179.869383257022158666,76223,4310,242379184.00,55158,72.36,41.95,-4.70
24-April-2023,3151.00,3180.60,3126.60,3174.15,3165.662452126092507119,122196,8349,386831289.00,85762,70.18,54.00,23.15
21-April-2023,3101.00,3165.75,3101.00,3161.65,3130.779650628256205945,58734,4846,183883212.00,24765,42.16,64.75,60.65
20-April-2023,3100.00,3112.95,3079.00,3104.45,3095.894020347883163767,76175,6102,235829727.00,41773,54.84,33.95,4.45
19-April-2023,3126.00,3132.05,3072.35,3088.70,3102.411655097018100351,185687,18011,576077513.00,130209,70.12,59.70,-37.30
18-April-2023,3148.05,3155.80,3111.30,3131.30,3126.436369020201355530,151970,14945,475124535.00,93694,61.65,44.50,-16.75
17-April-2023,3150.00,3163.35,3070.30,3139.60,3111.964327784090316796,191858,25041,597055252.00,76643,39.95,93.05,-10.40
13-April-2023,3210.05,3226.00,3181.05,3189.85,3191.935551444233154905,232961,19005,743596498.00,142662,61.24,44.95,-20.20
12-April-2023,3218.00,3259.95,3200.00,3242.10,3230.612540789962311260,126563,10530,408876015.00,67949,53.69,59.95,24.10
11-April-2023,3275.00,3275.00,3193.20,3214.25,3233.182393883520451013,103589,6406,334922131.00,63253,61.06,81.80,-60.75
10-April-2023,3217.00,3271.00,3215.55,3263.20,3252.170839383118157202,101932,10964,331500278.00,51611,50.63,55.45,46.20
6-April-2023,3227.50,3256.90,3216.70,3221.70,3225.005396704489109579,139159,13767,448788526.00,105697,75.95,40.20,-5.80
5-April-2023,3190.00,3263.60,3185.75,3236.80,3244.834753126112672912,188173,14283,610590290.00,157676,83.79,77.85,46.80
3-April-2023,3225.00,3225.00,3175.00,3199.25,3190.654707292023279698,29210,4550,93199024.00,11258,38.54,50.00,-25.75
