Date ,series ,OPEN ,HIGH ,LOW ,PREV. CLOSE ,ltp ,close ,vwap ,52W H ,52W L ,VOLUME ,VALUE ,No of trades 
28-Mar-25,EQ,"1,829.00","1,836.00","1,805.85","1,825.35","1,825.50","1,828.20","1,821.88","1,880.00","1,421.25","1,43,86,824","26,21,10,31,845.90","2,76,619"
27-Mar-25,EQ,"1,800.00","1,841.00","1,798.10","1,806.55","1,821.20","1,825.35","1,827.55","1,880.00","1,421.25","2,08,29,050","38,06,61,30,418.30","4,16,415"
26-Mar-25,EQ,"1,825.00","1,827.50","1,802.00","1,821.45","1,803.00","1,806.55","1,814.11","1,880.00","1,421.25","1,22,39,221","22,20,33,11,052.10","2,65,431"
25-Mar-25,EQ,"1,804.90","1,843.70","1,801.50","1,800.00","1,816.00","1,821.45","1,825.84","1,880.00","1,421.25","1,95,50,708","35,69,65,16,139.20","4,07,401"
24-Mar-25,EQ,"1,779.00","1,804.40","1,773.65","1,770.35","1,802.80","1,800.00","1,794.28","1,880.00","1,421.25","86,96,868","15,60,46,55,158.80","2,86,856"
21-Mar-25,EQ,"1,755.55","1,774.10","1,755.55","1,768.75","1,772.50","1,770.35","1,766.98","1,880.00","1,421.25","1,67,54,132","29,60,41,96,148.95","2,10,244"
20-Mar-25,EQ,"1,754.00","1,774.00","1,749.30","1,744.10","1,766.60","1,768.75","1,760.62","1,880.00","1,421.25","89,16,989","15,69,93,98,473.15","2,18,030"
19-Mar-25,EQ,"1,735.00","1,751.00","1,732.20","1,732.20","1,743.95","1,744.10","1,743.72","1,880.00","1,421.25","76,10,703","13,27,09,34,759.25","2,01,878"
18-Mar-25,EQ,"1,728.00","1,737.40","1,715.05","1,710.40","1,735.60","1,732.20","1,729.28","1,880.00","1,421.25","1,09,53,589","18,94,17,85,563.70","2,48,631"
17-Mar-25,EQ,"1,705.00","1,724.00","1,705.00","1,706.60","1,710.50","1,710.40","1,711.13","1,880.00","1,421.25","94,75,957","16,21,46,35,449.55","3,65,060"
13-Mar-25,EQ,"1,716.05","1,720.80","1,700.05","1,711.15","1,705.00","1,706.60","1,711.11","1,880.00","1,421.25","78,68,132","13,46,32,15,400.70","1,85,351"
12-Mar-25,EQ,"1,691.55","1,718.50","1,691.55","1,685.50","1,711.80","1,711.15","1,710.44","1,880.00","1,421.25","93,92,053","16,06,45,64,334.10","2,77,146"
11-Mar-25,EQ,"1,682.40","1,694.00","1,670.05","1,687.50","1,687.90","1,685.50","1,685.65","1,880.00","1,421.25","99,49,215","16,77,09,18,814.65","2,72,484"
10-Mar-25,EQ,"1,689.00","1,699.90","1,683.05","1,689.25","1,688.70","1,687.50","1,689.67","1,880.00","1,421.25","78,02,025","13,18,28,46,005.05","2,84,969"
07-Mar-25,EQ,"1,682.00","1,701.15","1,677.60","1,691.20","1,688.00","1,689.25","1,690.66","1,880.00","1,421.25","66,86,457","11,30,45,55,576.90","1,91,461"
06-Mar-25,EQ,"1,687.00","1,699.90","1,672.25","1,690.00","1,692.40","1,691.20","1,686.14","1,880.00","1,421.25","1,64,83,044","27,79,26,85,275.85","3,99,697"
05-Mar-25,EQ,"1,701.95","1,710.80","1,688.25","1,710.00","1,692.10","1,690.00","1,695.97","1,880.00","1,421.25","1,07,91,936","18,30,27,95,483.00","3,61,183"
04-Mar-25,EQ,"1,698.00","1,714.30","1,693.25","1,701.55","1,711.30","1,710.00","1,706.30","1,880.00","1,421.25","99,60,479","16,99,55,92,810.65","3,23,741"
03-Mar-25,EQ,"1,739.80","1,743.05","1,694.10","1,732.40","1,703.55","1,701.55","1,709.27","1,880.00","1,421.25","1,06,02,682","18,12,28,15,702.35","2,98,350"
28-Feb-25,EQ,"1,685.00","1,737.25","1,685.00","1,700.70","1,730.15","1,732.40","1,721.14","1,880.00","1,397.30","2,72,58,364","46,91,55,54,649.05","4,39,035"
27-Feb-25,EQ,"1,682.55","1,710.75","1,682.55","1,682.35","1,698.25","1,700.70","1,701.04","1,880.00","1,397.30","1,78,93,400","30,43,73,23,745.00","3,33,728"
25-Feb-25,EQ,"1,671.10","1,688.00","1,671.10","1,677.10","1,680.85","1,682.35","1,681.80","1,880.00","1,397.30","1,20,69,354","20,29,82,55,600.95","2,22,521"
24-Feb-25,EQ,"1,681.10","1,684.20","1,661.10","1,692.50","1,677.00","1,677.10","1,672.34","1,880.00","1,397.30","1,03,46,823","17,30,34,02,535.10","2,45,559"
21-Feb-25,EQ,"1,680.90","1,694.95","1,677.25","1,687.10","1,690.00","1,692.50","1,686.23","1,880.00","1,397.30","78,40,470","13,22,08,29,593.15","2,92,907"
20-Feb-25,EQ,"1,711.00","1,714.70","1,685.30","1,727.20","1,685.95","1,687.10","1,695.04","1,880.00","1,397.30","1,31,95,255","22,36,64,35,828.30","2,46,655"
19-Feb-25,EQ,"1,717.00","1,737.90","1,712.45","1,723.05","1,725.05","1,727.20","1,727.42","1,880.00","1,397.30","59,42,056","10,26,44,54,339.75","3,00,603"
18-Feb-25,EQ,"1,713.05","1,731.55","1,706.15","1,717.35","1,723.00","1,723.05","1,721.09","1,880.00","1,397.30","81,75,455","14,07,06,71,116.40","3,22,226"
17-Feb-25,EQ,"1,685.20","1,720.00","1,681.25","1,694.85","1,719.00","1,717.35","1,702.14","1,880.00","1,397.30","64,69,473","11,01,19,75,039.00","2,62,946"
14-Feb-25,EQ,"1,701.90","1,701.90","1,680.00","1,697.70","1,694.40","1,694.85","1,690.46","1,880.00","1,363.55","99,79,946","16,87,06,60,139.45","3,09,031"
13-Feb-25,EQ,"1,699.00","1,714.25","1,693.55","1,706.80","1,698.95","1,697.70","1,702.88","1,880.00","1,363.55","63,01,217","10,73,02,16,799.15","2,00,278"
12-Feb-25,EQ,"1,693.00","1,712.00","1,681.20","1,701.40","1,710.65","1,706.80","1,696.59","1,880.00","1,363.55","1,14,04,785","19,34,92,71,431.55","2,86,053"
11-Feb-25,EQ,"1,703.00","1,711.00","1,688.70","1,715.75","1,700.95","1,701.40","1,700.06","1,880.00","1,363.55","1,13,62,352","19,31,66,30,388.15","1,82,730"
10-Feb-25,EQ,"1,717.30","1,723.45","1,708.50","1,732.75","1,716.60","1,715.75","1,715.57","1,880.00","1,363.55","85,97,975","14,75,03,90,095.15","1,75,150"
07-Feb-25,EQ,"1,750.00","1,767.00","1,725.00","1,743.85","1,732.00","1,732.75","1,744.99","1,880.00","1,363.55","1,17,54,800","20,51,20,07,682.55","3,26,327"
06-Feb-25,EQ,"1,735.50","1,749.00","1,724.00","1,737.80","1,746.50","1,743.85","1,735.75","1,880.00","1,363.55","1,33,80,358","23,22,50,08,521.55","2,25,108"
05-Feb-25,EQ,"1,733.00","1,744.20","1,718.90","1,720.90","1,734.80","1,737.80","1,733.84","1,880.00","1,363.55","1,18,37,753","20,52,47,85,237.35","2,75,185"
04-Feb-25,EQ,"1,688.70","1,725.80","1,680.05","1,678.00","1,716.30","1,720.90","1,710.93","1,880.00","1,363.55","1,43,08,251","24,48,03,95,914.25","3,42,091"
03-Feb-25,EQ,"1,670.00","1,686.80","1,663.45","1,690.95","1,679.60","1,678.00","1,679.49","1,880.00","1,363.55","1,01,38,270","17,02,70,93,333.70","2,30,780"
01-Feb-25,EQ,"1,697.50","1,713.00","1,676.05","1,698.75","1,692.00","1,690.95","1,694.22","1,880.00","1,363.55","27,93,764","4,73,32,38,897.95","88,839"
31-Jan-25,EQ,"1,687.25","1,704.70","1,683.95","1,691.50","1,699.50","1,698.75","1,696.52","1,880.00","1,363.55","79,10,843","13,42,08,73,179.40","2,15,938"
30-Jan-25,EQ,"1,681.00","1,697.90","1,672.55","1,677.30","1,693.10","1,691.50","1,685.73","1,880.00","1,363.55","1,28,72,423","21,69,94,04,205.05","2,63,161"
29-Jan-25,EQ,"1,675.00","1,681.15","1,668.85","1,670.40","1,676.00","1,677.30","1,675.45","1,880.00","1,363.55","63,09,945","10,57,19,94,646.45","1,96,187"
28-Jan-25,EQ,"1,647.00","1,684.30","1,647.00","1,629.80","1,673.30","1,670.40","1,670.57","1,880.00","1,363.55","1,50,89,656","25,20,82,71,808.85","3,50,835"
27-Jan-25,EQ,"1,641.10","1,643.60","1,626.00","1,649.80","1,629.50","1,629.80","1,632.37","1,880.00","1,363.55","1,14,02,083","18,61,24,39,467.95","2,77,125"
24-Jan-25,EQ,"1,660.00","1,670.30","1,644.50","1,664.90","1,645.00","1,649.80","1,658.68","1,880.00","1,363.55","1,21,18,100","20,10,00,37,678.05","2,71,994"
23-Jan-25,EQ,"1,687.00","1,687.00","1,651.25","1,666.05","1,665.00","1,664.90","1,665.84","1,880.00","1,363.55","1,74,54,579","29,07,65,66,202.70","4,45,411"
22-Jan-25,EQ,"1,642.40","1,671.90","1,625.45","1,642.40","1,671.90","1,666.05","1,653.85","1,880.00","1,363.55","1,53,09,653","25,31,98,45,164.80","3,67,130"
21-Jan-25,EQ,"1,658.25","1,661.05","1,633.05","1,651.25","1,645.75","1,642.40","1,645.24","1,880.00","1,363.55","1,55,79,072","25,63,13,80,761.95","2,70,722"
20-Jan-25,EQ,"1,626.00","1,660.95","1,626.00","1,636.75","1,652.85","1,651.25","1,646.81","1,880.00","1,363.55","87,78,809","14,45,70,09,775.10","2,26,533"
17-Jan-25,EQ,"1,643.50","1,650.50","1,628.50","1,652.05","1,636.70","1,636.75","1,636.01","1,880.00","1,363.55","1,15,56,038","18,90,57,38,551.00","2,14,237"
16-Jan-25,EQ,"1,652.85","1,660.55","1,642.85","1,643.05","1,654.85","1,652.05","1,650.92","1,880.00","1,363.55","1,06,06,227","17,51,00,25,478.45","2,15,124"
15-Jan-25,EQ,"1,656.50","1,662.70","1,636.30","1,646.60","1,645.70","1,643.05","1,648.56","1,880.00","1,363.55","70,11,446","11,55,88,19,066.05","2,07,907"
14-Jan-25,EQ,"1,639.90","1,656.20","1,637.00","1,630.85","1,650.75","1,646.60","1,646.85","1,880.00","1,363.55","1,33,30,716","21,95,36,39,202.10","3,15,905"
13-Jan-25,EQ,"1,640.00","1,646.75","1,624.30","1,656.75","1,632.10","1,630.85","1,634.50","1,880.00","1,363.55","1,08,34,533","17,70,90,48,137.70","2,75,849"
10-Jan-25,EQ,"1,671.00","1,674.90","1,654.00","1,667.80","1,657.00","1,656.75","1,664.65","1,880.00","1,363.55","87,26,640","14,52,68,37,756.80","2,15,325"
09-Jan-25,EQ,"1,684.15","1,689.00","1,658.10","1,694.30","1,668.80","1,667.80","1,668.10","1,880.00","1,363.55","2,02,10,111","33,71,25,59,507.35","4,84,900"
08-Jan-25,EQ,"1,708.25","1,711.65","1,683.35","1,713.40","1,694.20","1,694.30","1,694.07","1,880.00","1,363.55","98,69,095","16,71,89,30,725.70","3,33,259"
07-Jan-25,EQ,"1,715.00","1,721.00","1,700.00","1,710.50","1,712.95","1,713.40","1,712.76","1,880.00","1,363.55","67,63,953","11,58,50,14,112.50","1,83,035"
06-Jan-25,EQ,"1,740.10","1,757.20","1,705.80","1,749.20","1,711.00","1,710.50","1,725.21","1,880.00","1,363.55","94,08,174","16,23,10,88,938.60","2,86,152"
03-Jan-25,EQ,"1,791.00","1,795.25","1,746.30","1,793.75","1,748.40","1,749.20","1,758.60","1,880.00","1,363.55","1,22,13,097","21,47,79,58,569.15","3,31,392"
02-Jan-25,EQ,"1,777.10","1,803.45","1,773.00","1,782.75","1,792.35","1,793.75","1,792.00","1,880.00","1,363.55","92,79,288","16,62,84,52,536.95","2,07,825"
01-Jan-25,EQ,"1,773.45","1,794.00","1,761.10","1,772.85","1,784.95","1,782.75","1,781.22","1,880.00","1,363.55","36,56,903","6,51,37,66,065.70","1,37,050"
31-Dec-24,EQ,"1,770.30","1,781.80","1,765.60","1,777.90","1,772.00","1,772.85","1,773.08","1,880.00","1,363.55","70,58,618","12,51,54,66,451.75","1,78,863"
30-Dec-24,EQ,"1,792.20","1,815.00","1,771.00","1,798.25","1,784.00","1,777.90","1,785.20","1,880.00","1,363.55","1,11,11,109","19,83,56,03,545.90","2,42,576"
27-Dec-24,EQ,"1,794.80","1,805.95","1,789.10","1,790.75","1,801.00","1,798.25","1,796.11","1,880.00","1,363.55","36,29,665","6,51,92,60,348.40","1,18,374"
26-Dec-24,EQ,"1,798.55","1,812.00","1,780.75","1,798.10","1,792.50","1,790.75","1,793.76","1,880.00","1,363.55","52,40,839","9,40,08,10,018.35","2,06,346"
24-Dec-24,EQ,"1,802.05","1,808.70","1,789.55","1,801.00","1,799.65","1,798.10","1,798.76","1,880.00","1,363.55","72,42,917","13,02,82,70,259.60","1,86,401"
23-Dec-24,EQ,"1,782.00","1,806.00","1,781.30","1,771.50","1,802.00","1,801.00","1,798.41","1,880.00","1,363.55","55,22,296","9,93,13,39,240.15","1,96,041"
20-Dec-24,EQ,"1,782.20","1,797.55","1,767.05","1,793.50","1,777.10","1,771.50","1,778.49","1,880.00","1,363.55","1,28,46,174","22,84,68,37,948.65","2,48,859"
19-Dec-24,EQ,"1,799.60","1,801.10","1,779.00","1,810.70","1,794.00","1,793.50","1,791.37","1,880.00","1,363.55","1,26,90,385","22,73,31,48,296.10","2,26,833"
18-Dec-24,EQ,"1,829.85","1,836.00","1,807.15","1,833.25","1,812.00","1,810.70","1,817.52","1,880.00","1,363.55","1,17,11,156","21,28,52,73,596.85","2,35,785"
17-Dec-24,EQ,"1,856.35","1,862.35","1,826.50","1,865.20","1,829.90","1,833.25","1,840.34","1,880.00","1,363.55","1,05,39,766","19,39,67,85,094.90","2,73,231"
16-Dec-24,EQ,"1,865.10","1,869.95","1,855.25","1,871.75","1,862.00","1,865.20","1,863.37","1,880.00","1,363.55","65,53,541","12,21,17,02,096.00","1,77,602"
13-Dec-24,EQ,"1,862.50","1,875.00","1,829.25","1,859.25","1,873.30","1,871.75","1,858.29","1,880.00","1,363.55","95,04,501","17,66,20,74,120.80","2,18,405"
12-Dec-24,EQ,"1,851.00","1,868.65","1,848.70","1,863.10","1,858.00","1,859.25","1,858.38","1,880.00","1,363.55","86,46,895","16,06,92,41,440.60","2,01,479"
11-Dec-24,EQ,"1,861.70","1,871.90","1,856.75","1,868.10","1,862.50","1,863.10","1,864.00","1,880.00","1,363.55","70,22,713","13,09,03,28,471.35","2,33,801"
10-Dec-24,EQ,"1,877.70","1,877.70","1,858.55","1,870.00","1,867.65","1,868.10","1,867.30","1,880.00","1,363.55","66,62,740","12,44,13,43,169.15","2,31,195"
09-Dec-24,EQ,"1,853.65","1,880.00","1,849.00","1,855.85","1,867.55","1,870.00","1,871.09","1,880.00","1,363.55","1,34,73,956","25,21,10,39,597.45","2,34,236"
06-Dec-24,EQ,"1,857.00","1,864.20","1,844.00","1,865.75","1,855.45","1,855.85","1,856.73","1,879.95","1,363.55","88,91,578","16,50,93,03,748.10","3,06,905"
05-Dec-24,EQ,"1,860.00","1,879.95","1,835.20","1,860.10","1,864.85","1,865.75","1,862.43","1,879.95","1,363.55","1,98,41,357","36,95,30,40,114.30","4,36,462"
04-Dec-24,EQ,"1,838.00","1,865.00","1,831.15","1,826.30","1,856.80","1,860.10","1,854.85","1,865.00","1,363.55","2,23,34,542","41,42,72,49,107.90","4,36,235"
03-Dec-24,EQ,"1,822.70","1,837.40","1,816.10","1,804.70","1,825.30","1,826.30","1,827.25","1,837.40","1,363.55","2,17,05,121","39,66,07,23,545.25","3,04,635"
02-Dec-24,EQ,"1,803.50","1,808.15","1,775.00","1,796.05","1,805.95","1,804.70","1,791.81","1,836.10","1,363.55","75,55,438","13,53,79,40,498.05","2,19,254"
29-Nov-24,EQ,"1,801.30","1,804.60","1,782.90","1,793.15","1,795.50","1,796.05","1,793.91","1,836.10","1,363.55","1,38,34,768","24,81,83,89,358.55","3,77,555"
28-Nov-24,EQ,"1,819.00","1,836.10","1,788.00","1,812.30","1,793.00","1,793.15","1,808.45","1,836.10","1,363.55","1,78,61,196","32,30,11,09,888.90","3,79,898"
27-Nov-24,EQ,"1,789.90","1,817.35","1,785.15","1,785.55","1,809.50","1,812.30","1,801.57","1,817.35","1,363.55","1,63,57,488","29,46,92,24,217.60","3,30,771"
26-Nov-24,EQ,"1,810.00","1,810.00","1,769.80","1,785.60","1,786.40","1,785.55","1,784.75","1,810.00","1,363.55","1,54,67,783","27,60,60,61,237.40","2,61,322"
25-Nov-24,EQ,"1,785.05","1,803.55","1,764.90","1,745.60","1,778.95","1,785.60","1,784.46","1,803.55","1,363.55","21,38,68,637","3,81,63,91,43,690.10","6,00,228"
22-Nov-24,EQ,"1,743.55","1,754.30","1,729.55","1,741.20","1,742.10","1,745.60","1,743.57","1,794.00","1,363.55","1,23,86,806","21,59,72,23,792.50","2,60,956"
21-Nov-24,EQ,"1,749.40","1,759.00","1,734.20","1,742.25","1,739.95","1,741.20","1,743.63","1,794.00","1,363.55","1,78,58,256","31,13,81,62,734.40","3,68,837"
19-Nov-24,EQ,"1,714.00","1,753.75","1,702.70","1,705.10","1,736.00","1,742.25","1,739.10","1,794.00","1,363.55","2,54,90,636","44,33,08,62,947.85","4,58,303"
18-Nov-24,EQ,"1,700.00","1,718.90","1,695.00","1,692.75","1,708.30","1,705.10","1,707.94","1,794.00","1,363.55","1,35,40,984","23,12,71,23,855.10","2,91,631"
14-Nov-24,EQ,"1,673.10","1,704.85","1,672.10","1,681.35","1,692.40","1,692.75","1,692.96","1,794.00","1,363.55","1,35,73,235","22,97,89,07,908.45","3,31,159"
13-Nov-24,EQ,"1,716.75","1,729.40","1,673.00","1,718.20","1,688.15","1,681.35","1,699.70","1,794.00","1,363.55","1,78,64,250","30,36,39,47,641.30","3,84,592"
12-Nov-24,EQ,"1,772.00","1,775.00","1,708.65","1,766.30","1,719.00","1,718.20","1,731.71","1,794.00","1,363.55","1,56,97,703","27,18,38,31,491.15","4,10,691"
11-Nov-24,EQ,"1,754.55","1,782.80","1,751.20","1,754.45","1,763.90","1,766.30","1,768.85","1,794.00","1,363.55","1,22,82,681","21,72,62,35,735.65","3,66,875"
08-Nov-24,EQ,"1,752.00","1,761.80","1,745.85","1,746.55","1,751.90","1,754.45","1,754.62","1,794.00","1,363.55","99,51,493","17,46,10,70,459.45","2,53,333"
07-Nov-24,EQ,"1,744.30","1,760.95","1,738.00","1,755.25","1,743.50","1,746.55","1,746.60","1,794.00","1,363.55","94,47,728","16,50,13,84,112.80","3,15,964"
06-Nov-24,EQ,"1,771.50","1,771.50","1,745.35","1,757.85","1,756.00","1,755.25","1,753.58","1,794.00","1,363.55","1,38,93,955","24,36,42,01,740.05","2,49,677"
05-Nov-24,EQ,"1,703.00","1,762.70","1,697.90","1,714.10","1,753.50","1,757.85","1,736.40","1,794.00","1,363.55","2,21,16,203","38,40,25,43,188.05","3,62,395"
04-Nov-24,EQ,"1,745.00","1,745.00","1,710.90","1,737.30","1,716.80","1,714.10","1,723.47","1,794.00","1,363.55","1,40,44,624","24,20,55,13,156.95","3,42,162"
01-Nov-24,EQ,"1,733.00","1,744.10","1,726.10","1,735.70","1,737.00","1,737.30","1,738.79","1,794.00","1,363.55","8,79,846","1,52,98,70,165.60","69,860"
31-Oct-24,EQ,"1,728.00","1,738.90","1,719.40","1,734.60","1,734.30","1,735.70","1,731.49","1,794.00","1,363.55","1,14,47,956","19,82,20,46,508.90","2,77,300"
30-Oct-24,EQ,"1,742.00","1,754.75","1,724.20","1,751.85","1,737.00","1,734.60","1,736.38","1,794.00","1,363.55","1,63,57,862","28,40,34,32,611.95","3,50,916"
29-Oct-24,EQ,"1,726.15","1,764.00","1,725.10","1,734.20","1,749.75","1,751.85","1,744.14","1,794.00","1,363.55","1,78,97,463","31,21,57,11,397.75","3,81,375"
28-Oct-24,EQ,"1,742.00","1,751.00","1,728.90","1,743.40","1,737.00","1,734.20","1,738.17","1,794.00","1,363.55","1,10,06,071","19,13,04,22,535.50","3,34,425"
25-Oct-24,EQ,"1,755.00","1,757.85","1,728.70","1,749.65","1,745.80","1,743.40","1,740.64","1,794.00","1,363.55","1,30,65,239","22,74,18,61,620.40","3,37,950"
24-Oct-24,EQ,"1,738.10","1,768.65","1,738.10","1,735.80","1,750.50","1,749.65","1,755.99","1,794.00","1,363.55","1,54,16,129","27,07,05,10,755.60","3,42,755"
23-Oct-24,EQ,"1,705.05","1,746.50","1,705.05","1,714.55","1,736.20","1,735.80","1,736.32","1,794.00","1,363.55","1,90,18,045","33,02,15,03,108.55","3,86,048"
22-Oct-24,EQ,"1,730.05","1,740.00","1,710.70","1,728.70","1,714.80","1,714.55","1,721.78","1,794.00","1,363.55","1,94,37,640","33,46,73,38,354.45","4,11,821"
21-Oct-24,EQ,"1,715.00","1,748.15","1,711.05","1,681.85","1,725.00","1,728.70","1,732.82","1,794.00","1,363.55","2,32,74,177","40,33,00,32,735.80","5,74,448"
18-Oct-24,EQ,"1,663.10","1,691.00","1,654.10","1,673.15","1,684.80","1,681.85","1,674.90","1,794.00","1,363.55","1,24,04,862","20,77,68,48,848.90","2,32,916"
17-Oct-24,EQ,"1,694.95","1,697.65","1,665.20","1,699.80","1,672.70","1,673.15","1,676.22","1,794.00","1,363.55","73,47,866","12,31,66,27,212.90","1,99,044"
16-Oct-24,EQ,"1,680.10","1,707.95","1,680.10","1,684.10","1,700.45","1,699.80","1,698.75","1,794.00","1,363.55","1,02,35,341","17,38,73,34,812.90","2,44,836"
15-Oct-24,EQ,"1,694.00","1,698.00","1,675.50","1,688.10","1,686.00","1,684.10","1,684.09","1,794.00","1,363.55","98,25,565","16,54,70,93,800.10","1,95,771"
14-Oct-24,EQ,"1,656.05","1,692.05","1,654.00","1,651.00","1,689.00","1,688.10","1,682.72","1,794.00","1,363.55","92,63,754","15,58,82,85,093.55","2,61,742"
11-Oct-24,EQ,"1,664.45","1,664.45","1,643.25","1,662.40","1,651.50","1,651.00","1,651.51","1,794.00","1,363.55","1,18,36,297","19,54,77,19,278.00","1,86,378"
10-Oct-24,EQ,"1,639.00","1,665.45","1,632.50","1,633.15","1,661.00","1,662.40","1,649.38","1,794.00","1,363.55","1,08,77,383","17,94,09,24,970.40","2,44,906"
09-Oct-24,EQ,"1,649.50","1,656.75","1,628.70","1,651.05","1,638.00","1,633.15","1,640.12","1,794.00","1,363.55","2,05,62,821","33,72,55,05,661.60","4,42,682"
08-Oct-24,EQ,"1,630.00","1,656.80","1,622.00","1,617.80","1,651.25","1,651.05","1,645.56","1,794.00","1,363.55","1,48,67,203","24,46,49,06,859.05","3,57,296"
07-Oct-24,EQ,"1,652.20","1,659.00","1,613.00","1,657.65","1,623.05","1,617.80","1,631.55","1,794.00","1,363.55","4,72,29,148","77,05,68,14,750.10","5,35,347"
04-Oct-24,EQ,"1,674.50","1,690.65","1,653.00","1,682.00","1,661.25","1,657.65","1,673.77","1,794.00","1,363.55","2,43,41,616","40,74,21,81,439.25","4,19,392"
03-Oct-24,EQ,"1,715.65","1,726.15","1,673.35","1,726.20","1,681.00","1,682.00","1,694.79","1,794.00","1,363.55","2,42,36,699","41,07,62,20,098.05","5,20,129"
01-Oct-24,EQ,"1,724.00","1,742.00","1,720.10","1,732.05","1,728.30","1,726.20","1,725.83","1,794.00","1,363.55","1,22,86,142","21,20,38,53,820.45","2,37,679"
30-Sep-24,EQ,"1,748.80","1,751.45","1,724.40","1,752.65","1,732.00","1,732.05","1,734.57","1,794.00","1,363.55","1,31,91,767","22,88,20,63,615.10","3,43,613"
27-Sep-24,EQ,"1,777.00","1,778.20","1,750.00","1,783.45","1,753.00","1,752.65","1,759.73","1,794.00","1,363.55","1,78,06,751","31,33,50,62,628.80","3,39,917"
26-Sep-24,EQ,"1,773.05","1,788.00","1,768.05","1,779.10","1,778.00","1,783.45","1,778.51","1,794.00","1,363.55","1,59,49,822","28,36,69,59,862.95","3,43,553"
25-Sep-24,EQ,"1,760.15","1,788.00","1,760.15","1,768.05","1,779.85","1,779.10","1,778.97","1,794.00","1,363.55","1,59,82,656","28,43,25,92,068.70","4,98,237"
24-Sep-24,EQ,"1,765.00","1,781.65","1,754.25","1,759.80","1,766.70","1,768.05","1,768.80","1,794.00","1,363.55","1,65,19,518","29,21,97,57,725.30","4,04,809"
23-Sep-24,EQ,"1,749.00","1,766.35","1,740.25","1,741.20","1,757.00","1,759.80","1,756.93","1,794.00","1,363.55","1,34,82,675","23,68,80,96,929.70","4,49,232"
20-Sep-24,EQ,"1,716.50","1,744.95","1,707.55","1,708.50","1,737.20","1,741.20","1,734.60","1,794.00","1,363.55","3,03,11,693","52,57,86,27,456.00","5,19,608"
19-Sep-24,EQ,"1,699.20","1,719.00","1,699.15","1,694.80","1,707.70","1,708.50","1,710.95","1,794.00","1,363.55","1,53,25,888","26,22,17,70,150.40","3,47,649"
18-Sep-24,EQ,"1,671.85","1,698.90","1,671.10","1,668.80","1,692.95","1,694.80","1,691.30","1,794.00","1,363.55","2,04,58,671","34,60,16,83,780.25","4,47,311"
17-Sep-24,EQ,"1,678.00","1,678.00","1,664.15","1,670.95","1,668.30","1,668.80","1,668.90","1,794.00","1,363.55","1,00,63,561","16,79,50,97,219.15","2,73,207"
16-Sep-24,EQ,"1,667.00","1,677.80","1,664.05","1,665.95","1,670.00","1,670.95","1,670.83","1,794.00","1,363.55","75,86,410","12,67,56,30,406.45","2,14,575"
13-Sep-24,EQ,"1,674.00","1,674.00","1,657.05","1,666.60","1,664.80","1,665.95","1,663.66","1,794.00","1,363.55","1,19,30,266","19,84,79,46,539.35","2,75,521"
12-Sep-24,EQ,"1,654.00","1,670.00","1,647.05","1,643.90","1,661.45","1,666.60","1,659.83","1,794.00","1,363.55","1,62,12,023","26,90,91,82,591.25","2,66,121"
11-Sep-24,EQ,"1,650.40","1,652.50","1,639.20","1,650.35","1,650.00","1,643.90","1,645.85","1,794.00","1,363.55","1,11,13,342","18,29,09,01,279.50","2,48,100"
10-Sep-24,EQ,"1,654.00","1,654.00","1,638.00","1,646.50","1,650.80","1,650.35","1,648.20","1,794.00","1,363.55","1,33,03,323","21,92,65,34,318.85","3,06,124"
09-Sep-24,EQ,"1,638.00","1,648.50","1,630.10","1,636.95","1,644.85","1,646.50","1,640.85","1,794.00","1,363.55","1,18,96,457","19,52,02,44,474.05","2,58,547"
06-Sep-24,EQ,"1,638.30","1,647.75","1,634.10","1,645.45","1,638.15","1,636.95","1,639.77","1,794.00","1,363.55","1,30,14,801","21,34,13,04,566.10","2,96,891"
05-Sep-24,EQ,"1,646.00","1,649.90","1,642.00","1,641.80","1,644.40","1,645.45","1,645.43","1,794.00","1,363.55","1,14,38,159","18,82,07,12,001.80","2,45,493"
04-Sep-24,EQ,"1,639.00","1,644.80","1,632.00","1,637.35","1,641.05","1,641.80","1,639.54","1,794.00","1,363.55","1,23,41,372","20,23,42,15,559.05","2,94,496"
03-Sep-24,EQ,"1,634.00","1,639.95","1,624.60","1,626.95","1,638.00","1,637.35","1,632.11","1,794.00","1,363.55","1,86,41,430","30,42,48,19,912.05","2,92,439"
02-Sep-24,EQ,"1,646.80","1,646.80","1,623.20","1,636.90","1,626.00","1,626.95","1,631.94","1,794.00","1,363.55","1,70,24,840","27,78,34,83,803.95","3,75,245"
30-Aug-24,EQ,"1,656.00","1,662.00","1,621.15","1,638.55","1,625.75","1,636.90","1,638.34","1,794.00","1,363.55","22,26,71,050","3,64,81,13,05,104.20","5,64,643"
29-Aug-24,EQ,"1,642.00","1,644.40","1,631.15","1,637.10","1,639.95","1,638.55","1,637.56","1,794.00","1,363.55","2,45,26,302","40,16,32,06,501.15","4,32,962"
28-Aug-24,EQ,"1,637.75","1,639.75","1,630.20","1,637.75","1,635.95","1,637.10","1,636.29","1,794.00","1,363.55","1,34,60,594","22,02,53,91,586.45","2,75,424"
27-Aug-24,EQ,"1,643.40","1,647.40","1,632.20","1,639.95","1,634.45","1,637.75","1,639.59","1,794.00","1,363.55","1,78,86,622","29,32,67,92,469.00","2,92,507"
26-Aug-24,EQ,"1,632.20","1,647.95","1,632.20","1,625.05","1,640.00","1,639.95","1,642.31","1,794.00","1,363.55","1,11,82,133","18,36,44,86,559.55","2,75,112"
23-Aug-24,EQ,"1,634.00","1,634.00","1,623.00","1,631.30","1,625.20","1,625.05","1,627.63","1,794.00","1,363.55","1,01,66,711","16,54,76,68,751.15","2,12,238"
22-Aug-24,EQ,"1,632.00","1,638.30","1,628.00","1,625.80","1,628.95","1,631.30","1,632.58","1,794.00","1,363.55","1,06,50,319","17,38,75,21,802.75","2,72,441"
21-Aug-24,EQ,"1,628.10","1,634.55","1,617.80","1,637.70","1,628.00","1,625.80","1,624.85","1,794.00","1,363.55","2,38,15,452","38,69,65,27,016.25","3,23,415"
20-Aug-24,EQ,"1,627.45","1,646.00","1,627.45","1,631.55","1,634.00","1,637.70","1,639.14","1,794.00","1,363.55","1,55,67,247","25,51,69,52,644.85","2,40,802"
19-Aug-24,EQ,"1,637.65","1,637.65","1,623.70","1,632.10","1,632.75","1,631.55","1,628.46","1,794.00","1,363.55","97,51,082","15,87,92,78,800.80","1,66,314"
16-Aug-24,EQ,"1,628.50","1,634.15","1,611.00","1,607.80","1,631.50","1,632.10","1,624.71","1,794.00","1,363.55","1,39,24,623","22,62,34,79,529.55","3,02,506"
14-Aug-24,EQ,"1,606.50","1,613.70","1,603.20","1,603.20","1,607.80","1,607.80","1,607.97","1,794.00","1,363.55","1,61,67,214","25,99,64,12,110.40","2,59,067"
13-Aug-24,EQ,"1,628.00","1,632.40","1,601.15","1,660.10","1,605.90","1,603.20","1,613.32","1,794.00","1,363.55","2,70,27,521","43,60,41,63,966.10","6,01,558"
12-Aug-24,EQ,"1,652.00","1,675.95","1,647.35","1,650.20","1,660.00","1,660.10","1,664.63","1,794.00","1,363.55","1,96,58,098","32,72,35,06,965.00","3,63,538"
09-Aug-24,EQ,"1,652.00","1,662.55","1,645.80","1,642.70","1,650.00","1,650.20","1,655.58","1,794.00","1,363.55","1,33,22,309","22,05,61,57,155.50","2,91,916"
08-Aug-24,EQ,"1,624.00","1,653.30","1,619.25","1,623.50","1,640.20","1,642.70","1,638.73","1,794.00","1,363.55","1,69,88,475","27,83,95,62,575.60","3,27,468"
07-Aug-24,EQ,"1,617.00","1,630.00","1,602.20","1,601.20","1,628.50","1,623.50","1,617.23","1,794.00","1,363.55","2,11,73,132","34,24,18,47,264.50","3,37,720"
06-Aug-24,EQ,"1,630.00","1,632.95","1,593.30","1,615.75","1,602.70","1,601.20","1,608.02","1,794.00","1,363.55","2,25,58,025","36,27,38,37,922.85","3,88,854"
05-Aug-24,EQ,"1,640.10","1,646.00","1,601.00","1,659.15","1,616.05","1,615.75","1,622.77","1,794.00","1,363.55","2,06,66,817","33,53,74,31,288.70","4,64,696"
02-Aug-24,EQ,"1,631.00","1,670.50","1,631.00","1,638.80","1,658.05","1,659.15","1,658.62","1,794.00","1,363.55","2,20,59,619","36,58,86,23,126.10","4,57,935"
01-Aug-24,EQ,"1,622.90","1,650.05","1,617.95","1,615.75","1,647.65","1,638.80","1,632.59","1,794.00","1,363.55","1,31,07,587","21,39,93,47,523.90","2,87,915"
31-Jul-24,EQ,"1,614.00","1,627.90","1,609.20","1,615.55","1,617.95","1,615.75","1,617.31","1,794.00","1,363.55","1,89,10,242","30,58,38,06,061.70","3,34,519"
30-Jul-24,EQ,"1,602.00","1,634.75","1,599.00","1,605.05","1,614.20","1,615.55","1,615.74","1,794.00","1,363.55","2,72,97,917","44,10,64,24,811.40","4,55,812"
29-Jul-24,EQ,"1,615.00","1,631.85","1,598.30","1,618.15","1,605.00","1,605.05","1,611.97","1,794.00","1,363.55","2,55,00,574","41,10,61,52,746.35","4,72,326"
26-Jul-24,EQ,"1,605.00","1,621.75","1,596.45","1,616.60","1,616.30","1,618.15","1,609.37","1,794.00","1,363.55","2,19,05,270","35,25,36,30,971.05","3,55,180"
25-Jul-24,EQ,"1,593.00","1,625.00","1,593.00","1,604.05","1,616.75","1,616.60","1,613.59","1,794.00","1,363.55","1,27,67,866","20,60,20,46,896.30","2,79,974"
24-Jul-24,EQ,"1,608.15","1,621.00","1,588.05","1,618.40","1,608.35","1,604.05","1,604.13","1,794.00","1,363.55","3,08,64,103","49,50,99,47,077.30","4,32,932"
23-Jul-24,EQ,"1,647.55","1,647.80","1,605.00","1,642.55","1,616.60","1,618.40","1,623.96","1,794.00","1,363.55","2,60,01,076","42,22,47,80,773.65","4,49,509"
22-Jul-24,EQ,"1,617.00","1,651.00","1,612.65","1,607.30","1,642.00","1,642.55","1,637.66","1,794.00","1,363.55","2,68,72,411","44,00,79,04,357.70","5,48,620"
19-Jul-24,EQ,"1,616.00","1,623.00","1,603.50","1,614.80","1,605.00","1,607.30","1,609.91","1,794.00","1,363.55","1,30,01,076","20,93,05,35,372.85","2,76,983"
18-Jul-24,EQ,"1,608.00","1,623.95","1,599.15","1,619.75","1,615.00","1,614.80","1,613.29","1,794.00","1,363.55","1,68,58,532","27,19,76,55,556.65","3,32,318"
16-Jul-24,EQ,"1,620.75","1,627.00","1,616.80","1,622.10","1,621.00","1,619.75","1,621.84","1,794.00","1,363.55","1,44,75,162","23,47,63,41,772.45","2,69,979"
15-Jul-24,EQ,"1,623.50","1,629.80","1,615.20","1,622.70","1,623.00","1,622.10","1,622.00","1,794.00","1,363.55","1,66,87,847","27,06,76,66,840.40","2,17,738"
12-Jul-24,EQ,"1,622.00","1,638.40","1,611.15","1,621.90","1,627.55","1,622.70","1,624.06","1,794.00","1,363.55","2,80,24,980","45,51,42,20,345.85","3,32,780"
11-Jul-24,EQ,"1,623.95","1,625.85","1,601.00","1,626.10","1,623.00","1,621.90","1,612.69","1,794.00","1,363.55","2,20,88,537","35,62,18,65,220.10","4,83,343"
10-Jul-24,EQ,"1,629.95","1,640.00","1,620.75","1,636.50","1,628.70","1,626.10","1,627.60","1,794.00","1,363.55","2,27,53,591","37,03,37,58,498.90","4,05,034"
09-Jul-24,EQ,"1,625.00","1,646.70","1,620.35","1,635.35","1,638.80","1,636.50","1,638.53","1,794.00","1,363.55","2,42,75,439","39,77,60,84,749.70","4,42,487"
08-Jul-24,EQ,"1,645.30","1,654.95","1,627.15","1,648.10","1,636.35","1,635.35","1,640.07","1,794.00","1,363.55","1,95,43,900","32,05,33,06,234.35","3,24,769"
05-Jul-24,EQ,"1,685.00","1,685.00","1,642.20","1,727.15","1,649.40","1,648.10","1,656.79","1,794.00","1,363.55","4,11,21,274","68,12,92,39,005.75","11,17,072"
04-Jul-24,EQ,"1,759.75","1,759.75","1,724.85","1,768.65","1,728.00","1,727.15","1,735.22","1,794.00","1,363.55","2,29,24,329","39,77,87,17,290.50","4,05,416"
03-Jul-24,EQ,"1,791.00","1,794.00","1,764.65","1,730.60","1,767.70","1,768.65","1,776.87","1,794.00","1,363.55","6,16,08,901","1,09,47,08,77,766.90","8,46,404"
02-Jul-24,EQ,"1,715.00","1,734.90","1,702.75","1,705.20","1,728.00","1,730.60","1,722.46","1,757.50","1,363.55","2,29,60,845","39,54,91,18,301.05","4,86,972"
01-Jul-24,EQ,"1,680.00","1,707.30","1,680.00","1,683.80","1,704.20","1,705.20","1,699.74","1,757.50","1,363.55","1,05,93,512","18,00,61,89,828.25","3,55,235"
28-Jun-24,EQ,"1,697.60","1,706.60","1,679.00","1,696.15","1,685.00","1,683.80","1,692.59","1,757.50","1,363.55","1,32,38,023","22,40,65,74,604.55","3,12,550"
27-Jun-24,EQ,"1,696.10","1,713.00","1,686.60","1,701.50","1,696.45","1,696.15","1,697.92","1,757.50","1,363.55","2,75,37,325","46,75,61,42,645.90","5,86,504"
26-Jun-24,EQ,"1,707.95","1,710.90","1,691.10","1,711.35","1,693.50","1,701.50","1,703.01","1,757.50","1,363.55","2,37,98,333","40,52,88,70,562.05","4,24,591"
25-Jun-24,EQ,"1,671.10","1,716.95","1,671.10","1,672.40","1,707.00","1,711.35","1,705.04","1,757.50","1,363.55","3,72,60,774","63,53,11,28,010.50","6,90,683"
24-Jun-24,EQ,"1,647.00","1,675.10","1,645.75","1,665.75","1,671.00","1,672.40","1,664.93","1,757.50","1,363.55","1,42,72,497","23,76,26,44,259.60","3,87,580"
21-Jun-24,EQ,"1,672.85","1,672.85","1,643.15","1,669.35","1,661.65","1,665.75","1,658.68","1,757.50","1,363.55","2,58,15,388","42,81,94,37,838.90","4,08,577"
20-Jun-24,EQ,"1,669.80","1,681.45","1,652.00","1,657.85","1,667.25","1,669.35","1,667.89","1,757.50","1,363.55","2,07,04,371","34,53,26,04,621.85","4,65,827"
19-Jun-24,EQ,"1,613.40","1,669.90","1,604.00","1,607.80","1,657.00","1,657.85","1,644.44","1,757.50","1,363.55","4,50,65,598","74,10,75,87,437.40","7,09,705"
18-Jun-24,EQ,"1,596.90","1,610.50","1,589.45","1,596.90","1,608.00","1,607.80","1,604.04","1,757.50","1,363.55","1,62,07,857","25,99,80,73,833.50","3,53,540"
14-Jun-24,EQ,"1,584.00","1,599.00","1,577.70","1,580.75","1,595.60","1,596.90","1,592.12","1,757.50","1,363.55","1,27,70,277","20,33,18,73,861.15","3,20,179"
13-Jun-24,EQ,"1,581.75","1,585.70","1,574.00","1,574.15","1,581.20","1,580.75","1,581.85","1,757.50","1,363.55","1,20,60,096","19,07,72,28,502.15","2,81,276"
12-Jun-24,EQ,"1,575.00","1,588.30","1,566.40","1,564.80","1,569.00","1,574.15","1,576.98","1,757.50","1,363.55","1,96,40,218","30,97,22,87,118.05","3,41,079"
11-Jun-24,EQ,"1,556.00","1,571.00","1,552.20","1,561.30","1,563.05","1,564.80","1,564.24","1,757.50","1,363.55","1,47,72,663","23,10,79,28,769.20","4,58,802"
10-Jun-24,EQ,"1,574.00","1,580.65","1,557.60","1,573.35","1,559.55","1,561.30","1,566.93","1,757.50","1,363.55","1,12,27,029","17,59,19,12,808.65","3,14,062"
07-Jun-24,EQ,"1,561.05","1,584.35","1,552.05","1,559.70","1,575.00","1,573.35","1,572.47","1,757.50","1,363.55","1,83,56,108","28,86,44,83,389.90","4,16,517"
06-Jun-24,EQ,"1,564.90","1,565.45","1,546.60","1,551.80","1,559.50","1,559.70","1,557.00","1,757.50","1,363.55","2,32,11,435","36,14,02,49,317.55","5,99,204"
05-Jun-24,EQ,"1,494.05","1,559.60","1,482.35","1,483.15","1,545.85","1,551.80","1,523.83","1,757.50","1,363.55","4,08,15,825","62,19,63,52,485.40","6,50,501"
04-Jun-24,EQ,"1,557.00","1,559.00","1,454.00","1,572.20","1,489.75","1,483.15","1,504.91","1,757.50","1,363.55","4,47,65,620","67,36,84,18,218.55","7,86,620"
03-Jun-24,EQ,"1,599.00","1,599.00","1,550.00","1,531.55","1,573.00","1,572.20","1,567.87","1,757.50","1,363.55","3,63,18,628","56,94,29,88,275.80","5,84,235"
31-May-24,EQ,"1,519.00","1,536.00","1,514.00","1,514.85","1,525.95","1,531.55","1,528.77","1,757.50","1,363.55","3,70,39,794","56,62,52,43,621.65","4,74,591"
30-May-24,EQ,"1,499.20","1,523.60","1,497.65","1,508.30","1,518.30","1,514.85","1,513.96","1,757.50","1,363.55","1,68,77,675","25,55,22,06,595.80","4,09,393"
29-May-24,EQ,"1,518.00","1,523.85","1,501.25","1,530.50","1,506.00","1,508.30","1,510.22","1,757.50","1,363.55","1,75,73,853","26,54,04,04,866.50","3,24,703"
28-May-24,EQ,"1,530.10","1,536.05","1,524.80","1,527.70","1,528.60","1,530.50","1,531.14","1,757.50","1,363.55","1,39,54,452","21,36,62,45,980.65","2,87,323"
27-May-24,EQ,"1,523.35","1,545.00","1,519.05","1,517.20","1,528.00","1,527.70","1,533.69","1,757.50","1,363.55","1,46,92,720","22,53,40,43,945.55","3,60,983"
24-May-24,EQ,"1,487.50","1,519.90","1,486.00","1,492.60","1,516.50","1,517.20","1,507.33","1,757.50","1,363.55","1,55,30,103","23,40,89,82,967.80","3,25,557"
23-May-24,EQ,"1,458.65","1,495.65","1,457.05","1,459.20","1,492.85","1,492.60","1,477.10","1,757.50","1,363.55","2,04,30,960","30,17,85,06,688.95","3,37,200"
22-May-24,EQ,"1,457.85","1,465.60","1,448.15","1,458.80","1,463.75","1,459.20","1,456.24","1,757.50","1,363.55","1,99,98,139","29,12,21,60,427.50","3,94,368"
21-May-24,EQ,"1,450.10","1,469.70","1,450.10","1,466.05","1,457.20","1,458.80","1,460.08","1,757.50","1,363.55","2,18,84,989","31,95,37,90,444.80","4,13,346"
18-May-24,EQ,"1,466.00","1,467.10","1,463.05","1,464.10","1,466.35","1,466.05","1,465.57","1,757.50","1,363.55","5,28,557","77,46,36,045.30","15,995"
17-May-24,EQ,"1,446.20","1,468.00","1,446.20","1,460.25","1,463.00","1,464.10","1,461.22","1,757.50","1,363.55","1,04,60,095","15,28,45,49,919.50","2,68,477"
16-May-24,EQ,"1,446.05","1,462.55","1,435.50","1,438.50","1,459.75","1,460.25","1,449.96","1,757.50","1,363.55","1,74,72,618","25,33,45,16,598.70","3,82,855"
15-May-24,EQ,"1,459.70","1,459.70","1,435.80","1,460.95","1,440.80","1,438.50","1,443.04","1,757.50","1,363.55","1,94,65,998","28,09,02,23,298.30","3,93,567"
14-May-24,EQ,"1,452.25","1,465.50","1,450.30","1,455.25","1,461.60","1,460.95","1,459.59","1,757.50","1,363.55","1,28,32,571","18,73,03,07,625.40","3,15,935"
13-May-24,EQ,"1,432.00","1,459.80","1,430.30","1,437.90","1,456.50","1,455.25","1,447.14","1,757.50","1,363.55","1,35,23,601","19,57,05,07,197.60","4,63,000"
10-May-24,EQ,"1,439.00","1,451.95","1,426.80","1,447.50","1,439.85","1,437.90","1,440.93","1,757.50","1,363.55","1,36,38,304","19,65,18,68,794.15","3,68,755"
09-May-24,EQ,"1,474.95","1,486.75","1,445.30","1,482.65","1,450.80","1,447.50","1,461.55","1,757.50","1,363.55","2,31,40,639","33,82,11,48,758.20","6,69,580"
08-May-24,EQ,"1,495.95","1,496.95","1,480.35","1,506.15","1,483.50","1,482.65","1,486.59","1,757.50","1,363.55","2,08,43,931","30,98,64,22,880.60","4,65,848"
07-May-24,EQ,"1,521.95","1,524.05","1,504.15","1,522.65","1,505.10","1,506.15","1,510.70","1,757.50","1,363.55","1,42,40,301","21,51,28,20,634.10","3,44,750"
06-May-24,EQ,"1,522.00","1,534.50","1,517.15","1,519.60","1,523.75","1,522.65","1,525.73","1,757.50","1,363.55","1,43,96,698","21,96,54,19,859.10","2,90,222"
03-May-24,EQ,"1,533.25","1,540.60","1,507.20","1,532.25","1,515.65","1,519.60","1,521.12","1,757.50","1,363.55","1,59,32,621","24,23,54,95,414.80","3,09,946"
02-May-24,EQ,"1,522.00","1,537.00","1,520.35","1,520.10","1,532.90","1,532.25","1,531.60","1,757.50","1,363.55","1,67,37,503","25,63,51,47,567.95","3,67,994"
30-Apr-24,EQ,"1,529.20","1,539.50","1,514.90","1,529.50","1,515.45","1,520.10","1,528.27","1,757.50","1,363.55","2,61,53,691","39,96,98,10,062.50","3,96,483"
29-Apr-24,EQ,"1,515.00","1,534.45","1,506.55","1,509.80","1,528.55","1,529.50","1,521.15","1,757.50","1,363.55","1,80,46,675","27,45,16,36,250.70","3,46,924"
26-Apr-24,EQ,"1,519.80","1,528.00","1,505.55","1,510.75","1,511.00","1,509.80","1,515.19","1,757.50","1,363.55","1,24,27,347","18,82,97,91,289.85","3,07,546"
25-Apr-24,EQ,"1,506.25","1,519.70","1,506.25","1,511.70","1,513.80","1,510.75","1,512.64","1,757.50","1,363.55","1,77,22,602","26,80,79,94,509.45","4,12,279"
24-Apr-24,EQ,"1,515.00","1,521.75","1,509.05","1,507.60","1,512.90","1,511.70","1,514.50","1,757.50","1,363.55","1,12,20,790","16,99,38,56,319.65","2,70,693"
23-Apr-24,EQ,"1,526.30","1,526.50","1,503.25","1,512.20","1,507.50","1,507.60","1,510.64","1,757.50","1,363.55","1,34,13,530","20,26,29,98,928.70","2,92,429"
22-Apr-24,EQ,"1,557.40","1,557.40","1,508.30","1,531.30","1,514.35","1,512.20","1,519.66","1,757.50","1,363.55","2,11,49,219","32,13,97,20,597.85","5,31,868"
19-Apr-24,EQ,"1,486.55","1,534.95","1,480.25","1,494.70","1,534.20","1,531.30","1,514.56","1,757.50","1,363.55","1,72,88,217","26,18,40,17,914.35","3,85,294"
18-Apr-24,EQ,"1,509.80","1,518.85","1,491.05","1,509.25","1,496.80","1,494.70","1,503.85","1,757.50","1,363.55","1,71,17,442","25,74,19,97,797.45","4,00,151"
16-Apr-24,EQ,"1,487.00","1,512.90","1,482.25","1,494.70","1,512.00","1,509.25","1,499.45","1,757.50","1,363.55","1,03,72,443","15,55,29,84,303.10","2,54,321"
15-Apr-24,EQ,"1,497.55","1,510.00","1,492.05","1,518.95","1,493.00","1,494.70","1,501.19","1,757.50","1,363.55","1,17,07,624","17,57,53,73,460.40","3,03,733"
12-Apr-24,EQ,"1,521.00","1,529.85","1,513.45","1,536.35","1,516.25","1,518.95","1,520.13","1,757.50","1,363.55","2,05,42,104","31,22,67,29,837.45","3,53,957"
10-Apr-24,EQ,"1,549.90","1,549.90","1,532.95","1,548.55","1,534.95","1,536.35","1,539.41","1,757.50","1,363.55","1,39,03,700","21,40,35,51,158.35","2,64,951"
09-Apr-24,EQ,"1,554.85","1,554.85","1,540.30","1,546.60","1,544.40","1,548.55","1,547.47","1,757.50","1,363.55","1,09,42,247","16,93,27,84,193.35","2,86,447"
08-Apr-24,EQ,"1,554.95","1,557.25","1,541.55","1,549.55","1,545.00","1,546.60","1,546.80","1,757.50","1,363.55","1,02,41,470","15,84,14,81,181.95","2,82,686"
05-Apr-24,EQ,"1,539.00","1,554.50","1,530.15","1,527.60","1,550.05","1,549.55","1,545.34","1,757.50","1,363.55","2,95,27,951","45,63,07,07,255.45","4,46,260"
04-Apr-24,EQ,"1,504.00","1,530.00","1,504.00","1,482.30","1,529.00","1,527.60","1,520.65","1,757.50","1,363.55","4,44,67,533","67,61,97,06,935.10","6,38,189"
03-Apr-24,EQ,"1,472.10","1,495.65","1,471.40","1,480.15","1,484.50","1,482.30","1,485.06","1,757.50","1,363.55","2,27,92,193","33,84,77,85,699.15","3,81,267"
02-Apr-24,EQ,"1,465.15","1,494.85","1,463.25","1,470.50","1,479.55","1,480.15","1,483.23","1,757.50","1,363.55","2,06,12,723","30,57,33,59,203.20","3,15,849"
01-Apr-24,EQ,"1,458.00","1,473.80","1,455.60","1,447.90","1,470.00","1,470.50","1,466.67","1,757.50","1,363.55","1,25,99,785","18,47,97,61,763.45","2,66,085"
28-Mar-24,EQ,"1,440.70","1,460.50","1,440.70","1,440.70","1,447.00","1,447.90","1,451.60","1,757.50","1,363.55","2,77,96,071","40,34,86,58,115.25","3,70,836"
27-Mar-24,EQ,"1,423.55","1,447.95","1,421.25","1,425.40","1,443.65","1,440.70","1,436.27","1,757.50","1,363.55","3,10,84,334","44,64,54,17,268.50","4,12,302"
26-Mar-24,EQ,"1,427.20","1,437.95","1,422.15","1,442.85","1,424.90","1,425.40","1,430.24","1,757.50","1,363.55","2,84,22,145","40,65,04,67,046.25","5,19,149"
22-Mar-24,EQ,"1,441.00","1,450.75","1,437.75","1,445.75","1,442.55","1,442.85","1,443.79","1,757.50","1,363.55","2,29,90,163","33,19,29,80,386.60","4,08,312"
21-Mar-24,EQ,"1,442.60","1,451.25","1,438.30","1,431.05","1,445.40","1,445.75","1,445.43","1,757.50","1,363.55","1,44,61,430","20,90,30,15,204.35","2,61,033"
20-Mar-24,EQ,"1,449.05","1,451.65","1,424.65","1,449.35","1,432.00","1,431.05","1,435.82","1,757.50","1,363.55","2,18,03,047","31,30,51,42,954.85","3,91,871"
19-Mar-24,EQ,"1,435.50","1,452.40","1,435.50","1,446.05","1,449.95","1,449.35","1,445.73","1,757.50","1,363.55","1,80,91,797","26,15,58,72,952.15","3,57,501"
18-Mar-24,EQ,"1,447.00","1,456.00","1,435.80","1,452.65","1,445.75","1,446.05","1,447.44","1,757.50","1,363.55","1,07,18,928","15,51,49,93,593.40","2,98,423"
15-Mar-24,EQ,"1,450.00","1,459.30","1,442.25","1,455.45","1,454.70","1,452.65","1,452.16","1,757.50","1,363.55","7,18,06,902","1,04,27,52,32,909.40","4,23,259"
14-Mar-24,EQ,"1,462.10","1,466.00","1,444.30","1,460.40","1,457.00","1,455.45","1,452.98","1,757.50","1,363.55","2,62,16,079","38,09,14,65,327.10","3,55,538"
13-Mar-24,EQ,"1,465.50","1,471.60","1,450.10","1,459.55","1,459.70","1,460.40","1,461.57","1,757.50","1,363.55","3,15,33,727","46,08,88,10,985.45","5,55,367"
12-Mar-24,EQ,"1,434.00","1,464.00","1,429.25","1,427.80","1,460.75","1,459.55","1,455.21","1,757.50","1,363.55","3,27,09,227","47,59,89,03,857.45","5,63,469"
11-Mar-24,EQ,"1,430.00","1,445.95","1,423.00","1,446.10","1,427.00","1,427.80","1,431.56","1,757.50","1,363.55","2,52,65,547","36,16,91,85,792.10","4,00,746"
07-Mar-24,EQ,"1,445.50","1,451.05","1,441.40","1,442.60","1,446.00","1,446.10","1,445.23","1,757.50","1,363.55","2,46,74,023","35,65,95,21,740.40","3,01,040"
06-Mar-24,EQ,"1,433.55","1,452.85","1,433.55","1,440.85","1,442.85","1,442.60","1,444.30","1,757.50","1,363.55","2,12,04,765","30,62,59,70,319.20","4,29,803"
05-Mar-24,EQ,"1,422.00","1,443.00","1,421.65","1,432.70","1,439.20","1,440.85","1,432.70","1,757.50","1,363.55","1,89,95,836","27,21,52,48,874.45","3,45,780"
04-Mar-24,EQ,"1,430.95","1,437.00","1,424.30","1,430.75","1,432.00","1,432.70","1,430.81","1,757.50","1,363.55","1,78,08,237","25,48,02,70,998.65","3,20,401"
02-Mar-24,EQ,"1,434.55","1,436.00","1,428.10","1,430.75","1,430.95","1,430.75","1,431.16","1,757.50","1,363.55","8,95,265","1,28,12,70,465.10","27,274"
01-Mar-24,EQ,"1,400.00","1,432.75","1,400.00","1,403.40","1,429.30","1,430.75","1,419.53","1,757.50","1,363.55","1,73,69,449","24,65,65,07,108.45","4,30,030"
29-Feb-24,EQ,"1,402.10","1,410.40","1,397.30","1,409.40","1,407.80","1,403.40","1,403.21","1,757.50","1,363.55","2,66,47,850","37,39,25,69,225.70","5,67,422"
28-Feb-24,EQ,"1,420.15","1,424.20","1,404.00","1,420.15","1,406.15","1,409.40","1,414.58","1,757.50","1,363.55","1,26,60,993","17,91,00,38,294.10","3,02,672"
27-Feb-24,EQ,"1,413.55","1,426.70","1,413.05","1,422.30","1,421.90","1,420.15","1,419.95","1,757.50","1,363.55","1,60,43,575","22,78,11,19,940.60","3,84,714"
26-Feb-24,EQ,"1,413.55","1,434.85","1,413.55","1,420.60","1,421.95","1,422.30","1,426.02","1,757.50","1,363.55","1,17,53,435","16,76,05,78,868.05","3,81,979"
23-Feb-24,EQ,"1,422.55","1,433.90","1,418.00","1,419.55","1,419.45","1,420.60","1,425.27","1,757.50","1,363.55","1,49,16,726","21,26,04,19,308.00","3,35,851"
22-Feb-24,EQ,"1,417.75","1,428.80","1,412.20","1,439.15","1,422.00","1,419.55","1,419.78","1,757.50","1,363.55","2,52,80,441","35,89,27,43,575.45","4,77,326"
21-Feb-24,EQ,"1,464.00","1,464.00","1,435.00","1,454.30","1,436.00","1,439.15","1,446.29","1,757.50","1,363.55","2,29,46,568","33,18,73,13,941.50","4,93,970"
20-Feb-24,EQ,"1,415.00","1,457.25","1,411.80","1,417.10","1,453.00","1,454.30","1,443.09","1,757.50","1,363.55","2,80,66,754","40,50,28,22,506.55","5,18,597"
19-Feb-24,EQ,"1,429.00","1,429.00","1,415.20","1,419.90","1,419.00","1,417.10","1,420.94","1,757.50","1,363.55","1,72,25,878","24,47,68,80,448.95","2,96,087"
16-Feb-24,EQ,"1,423.90","1,427.70","1,408.45","1,414.05","1,417.05","1,419.90","1,417.97","1,757.50","1,363.55","1,60,87,871","22,81,21,94,900.15","4,02,453"
15-Feb-24,EQ,"1,385.00","1,415.50","1,384.35","1,384.05","1,414.65","1,414.05","1,402.53","1,757.50","1,363.55","2,07,92,472","29,16,21,28,685.10","5,33,782"
14-Feb-24,EQ,"1,376.00","1,391.50","1,363.55","1,394.45","1,384.95","1,384.05","1,373.20","1,757.50","1,363.55","4,56,60,405","62,70,09,16,687.85","8,83,690"
13-Feb-24,EQ,"1,391.95","1,404.35","1,384.35","1,390.00","1,391.95","1,394.45","1,394.82","1,757.50","1,380.25","2,87,90,497","40,15,76,78,244.65","4,45,958"
12-Feb-24,EQ,"1,399.65","1,413.65","1,383.35","1,403.60","1,392.40","1,390.00","1,394.91","1,757.50","1,380.25","1,72,23,906","24,02,57,25,748.70","4,86,804"
09-Feb-24,EQ,"1,392.15","1,414.20","1,387.00","1,403.05","1,408.00","1,403.60","1,402.42","1,757.50","1,380.25","2,83,21,062","39,71,79,43,985.60","5,12,854"
08-Feb-24,EQ,"1,429.85","1,438.95","1,400.50","1,429.95","1,407.25","1,403.05","1,415.51","1,757.50","1,380.25","3,45,53,062","48,91,02,44,009.15","7,97,559"
07-Feb-24,EQ,"1,453.00","1,453.80","1,426.65","1,444.10","1,430.00","1,429.95","1,435.86","1,757.50","1,380.25","2,74,18,543","39,36,90,92,511.05","5,23,984"
06-Feb-24,EQ,"1,445.55","1,449.70","1,432.60","1,444.85","1,443.55","1,444.10","1,442.11","1,757.50","1,380.25","2,05,37,870","29,61,79,40,997.40","4,10,774"
05-Feb-24,EQ,"1,446.00","1,451.90","1,434.05","1,446.15","1,443.05","1,444.85","1,442.08","1,757.50","1,380.25","1,93,02,523","27,83,57,69,812.35","4,87,034"
02-Feb-24,EQ,"1,475.00","1,480.85","1,442.05","1,466.35","1,445.90","1,446.15","1,461.81","1,757.50","1,380.25","2,24,33,877","32,79,41,41,061.40","5,47,098"
01-Feb-24,EQ,"1,465.05","1,473.60","1,456.05","1,462.55","1,466.50","1,466.35","1,465.35","1,757.50","1,380.25","1,63,45,370","23,95,17,31,259.20","3,95,148"
31-Jan-24,EQ,"1,439.50","1,474.95","1,436.80","1,444.30","1,462.65","1,462.55","1,462.25","1,757.50","1,380.25","3,28,80,520","48,07,95,51,289.50","5,48,526"
30-Jan-24,EQ,"1,454.55","1,463.20","1,440.90","1,454.65","1,444.70","1,444.30","1,447.91","1,757.50","1,380.25","2,08,64,384","30,20,98,49,168.35","4,51,375"
29-Jan-24,EQ,"1,448.05","1,462.80","1,445.80","1,434.90","1,456.80","1,454.65","1,454.14","1,757.50","1,380.25","3,28,22,749","47,72,87,90,185.85","6,94,082"
25-Jan-24,EQ,"1,452.50","1,457.35","1,419.40","1,455.90","1,440.70","1,434.90","1,434.16","1,757.50","1,380.25","4,94,70,926","70,94,91,59,079.50","7,87,699"
24-Jan-24,EQ,"1,380.25","1,458.45","1,380.25","1,427.35","1,456.30","1,455.90","1,435.74","1,757.50","1,380.25","4,30,02,202","61,74,01,25,439.00","8,17,417"
23-Jan-24,EQ,"1,465.00","1,474.70","1,425.00","1,478.85","1,430.95","1,427.35","1,442.66","1,757.50","1,425.00","5,77,34,701","83,29,15,08,720.05","14,15,782"
20-Jan-24,EQ,"1,483.20","1,495.70","1,476.00","1,470.65","1,480.65","1,478.85","1,483.92","1,757.50","1,460.25","1,29,20,293","19,17,26,37,247.30","4,03,196"
19-Jan-24,EQ,"1,505.95","1,510.25","1,468.40","1,486.15","1,474.90","1,470.65","1,483.88","1,757.50","1,460.25","5,48,00,269","81,31,68,62,185.55","12,75,220"
18-Jan-24,EQ,"1,494.00","1,515.00","1,480.05","1,537.50","1,490.00","1,486.15","1,495.03","1,757.50","1,460.25","8,05,35,465","1,20,40,26,78,844.55","15,82,497"
17-Jan-24,EQ,"1,570.00","1,596.80","1,528.40","1,679.15","1,542.15","1,537.50","1,565.65","1,757.50","1,460.25","8,50,72,618","1,33,19,36,18,859.55","20,98,772"
16-Jan-24,EQ,"1,673.00","1,683.65","1,658.10","1,672.80","1,678.00","1,679.15","1,672.44","1,757.50","1,460.25","1,26,61,250","21,17,51,43,184.95","3,47,404"
15-Jan-24,EQ,"1,647.70","1,680.90","1,643.60","1,641.20","1,679.70","1,672.80","1,666.61","1,757.50","1,460.25","1,41,60,178","23,59,95,25,731.75","4,14,759"
12-Jan-24,EQ,"1,652.00","1,656.00","1,633.60","1,649.00","1,643.95","1,641.20","1,645.10","1,757.50","1,460.25","98,86,776","16,26,47,60,030.85","2,78,690"
11-Jan-24,EQ,"1,660.00","1,662.90","1,643.00","1,655.95","1,649.30","1,649.00","1,653.30","1,757.50","1,460.25","91,57,005","15,13,92,71,150.70","2,30,772"
10-Jan-24,EQ,"1,643.00","1,659.95","1,641.40","1,650.50","1,656.00","1,655.95","1,653.21","1,757.50","1,460.25","80,57,912","13,32,14,22,833.20","1,73,498"
09-Jan-24,EQ,"1,667.15","1,677.80","1,646.75","1,663.45","1,650.95","1,650.50","1,660.84","1,757.50","1,460.25","1,26,63,444","21,03,19,58,360.50","2,69,602"
08-Jan-24,EQ,"1,678.50","1,682.35","1,660.00","1,682.20","1,662.90","1,663.45","1,671.84","1,757.50","1,460.25","89,99,235","15,04,53,04,192.30","3,68,430"
05-Jan-24,EQ,"1,687.15","1,704.90","1,668.10","1,690.85","1,679.00","1,682.20","1,679.44","1,757.50","1,460.25","1,59,44,735","26,77,82,51,761.45","4,26,162"
04-Jan-24,EQ,"1,678.00","1,694.95","1,670.70","1,672.90","1,690.85","1,690.85","1,681.98","1,757.50","1,460.25","1,33,67,028","22,48,31,29,792.50","3,35,934"
03-Jan-24,EQ,"1,702.00","1,704.70","1,668.95","1,699.10","1,674.60","1,672.90","1,681.27","1,757.50","1,460.25","1,41,94,881","23,86,54,12,912.55","4,26,015"
02-Jan-24,EQ,"1,698.80","1,702.80","1,688.70","1,698.10","1,697.50","1,699.10","1,697.43","1,757.50","1,460.25","1,46,21,046","24,81,81,49,211.10","3,34,886"
01-Jan-24,EQ,"1,706.00","1,709.15","1,692.00","1,709.25","1,692.90","1,698.10","1,701.52","1,757.50","1,460.25","71,19,843","12,11,45,68,489.30","2,58,349"
29-Dec-23,EQ,"1,697.00","1,714.90","1,696.00","1,705.25","1,708.65","1,709.25","1,707.51","1,757.50","1,460.25","1,25,05,713","21,35,36,50,105.25","2,64,143"
28-Dec-23,EQ,"1,709.30","1,721.40","1,702.00","1,703.30","1,708.85","1,705.25","1,711.26","1,757.50","1,460.25","2,20,38,235","37,71,30,47,859.00","4,23,062"
27-Dec-23,EQ,"1,681.50","1,706.50","1,678.60","1,682.45","1,702.10","1,703.30","1,695.87","1,757.50","1,460.25","1,35,04,539","22,90,18,80,536.75","3,21,373"
26-Dec-23,EQ,"1,673.25","1,685.95","1,668.55","1,670.85","1,684.10","1,682.45","1,678.46","1,757.50","1,460.25","90,22,928","15,14,45,82,177.45","2,43,596"
22-Dec-23,EQ,"1,683.60","1,685.90","1,667.10","1,686.70","1,668.70","1,670.85","1,675.74","1,757.50","1,460.25","2,42,89,425","40,70,27,11,527.50","4,50,284"
21-Dec-23,EQ,"1,657.00","1,689.75","1,650.25","1,657.00","1,685.00","1,686.70","1,672.87","1,757.50","1,460.25","1,82,94,620","30,60,44,91,502.45","3,85,913"
20-Dec-23,EQ,"1,658.00","1,668.95","1,644.45","1,652.90","1,644.75","1,657.00","1,662.23","1,757.50","1,460.25","1,71,16,260","28,45,12,45,154.05","4,15,287"
19-Dec-23,EQ,"1,650.00","1,658.65","1,644.05","1,655.70","1,650.50","1,652.90","1,651.23","1,757.50","1,460.25","1,20,04,223","19,82,17,02,426.65","2,57,002"
18-Dec-23,EQ,"1,660.70","1,664.70","1,650.95","1,656.55","1,652.50","1,655.70","1,657.78","1,757.50","1,460.25","90,07,377","14,93,22,77,614.85","2,58,215"
15-Dec-23,EQ,"1,650.00","1,668.00","1,646.60","1,650.15","1,656.05","1,656.55","1,655.35","1,757.50","1,460.25","6,94,18,565","1,14,91,20,65,107.80","4,20,832"
14-Dec-23,EQ,"1,646.00","1,658.95","1,645.00","1,630.90","1,650.45","1,650.15","1,651.03","1,757.50","1,460.25","1,75,86,183","29,03,53,47,300.80","3,45,239"
13-Dec-23,EQ,"1,632.45","1,636.00","1,615.10","1,634.60","1,633.80","1,630.90","1,628.14","1,757.50","1,460.25","1,46,73,457","23,89,04,10,498.90","3,52,315"
12-Dec-23,EQ,"1,654.20","1,656.25","1,631.85","1,651.00","1,634.45","1,634.60","1,645.41","1,757.50","1,460.25","1,82,90,738","30,09,58,21,186.80","3,86,854"
11-Dec-23,EQ,"1,650.05","1,663.70","1,647.00","1,653.20","1,650.00","1,651.00","1,653.00","1,757.50","1,460.25","1,15,93,810","19,16,46,09,234.90","3,76,768"
08-Dec-23,EQ,"1,630.45","1,655.00","1,630.45","1,630.45","1,653.00","1,653.20","1,648.92","1,757.50","1,460.25","1,68,64,019","27,80,74,18,190.95","3,72,167"
07-Dec-23,EQ,"1,625.00","1,634.00","1,616.20","1,627.80","1,630.50","1,630.45","1,628.48","1,757.50","1,460.25","1,02,25,193","16,65,15,13,307.40","2,19,921"
06-Dec-23,EQ,"1,638.45","1,638.45","1,616.65","1,623.70","1,626.30","1,627.80","1,627.41","1,757.50","1,460.25","1,93,06,530","31,41,95,73,681.05","3,40,998"
05-Dec-23,EQ,"1,636.50","1,639.00","1,616.50","1,609.40","1,622.00","1,623.70","1,626.07","1,757.50","1,460.25","2,61,15,410","42,46,55,36,275.85","3,97,106"
04-Dec-23,EQ,"1,588.00","1,612.00","1,573.65","1,555.40","1,609.15","1,609.40","1,592.26","1,757.50","1,460.25","2,53,31,228","40,33,38,20,531.20","4,41,679"
01-Dec-23,EQ,"1,557.90","1,565.75","1,552.10","1,558.80","1,552.35","1,555.40","1,559.16","1,757.50","1,460.25","1,10,76,768","17,27,04,79,586.70","2,99,721"
30-Nov-23,EQ,"1,569.15","1,572.45","1,542.15","1,559.15","1,556.60","1,558.80","1,555.55","1,757.50","1,460.25","3,47,45,720","54,04,86,90,749.35","3,52,886"
29-Nov-23,EQ,"1,533.90","1,563.00","1,533.00","1,528.65","1,560.30","1,559.15","1,547.46","1,757.50","1,460.25","1,70,21,244","26,33,97,38,845.55","3,14,977"
28-Nov-23,EQ,"1,535.20","1,537.25","1,525.80","1,532.10","1,530.95","1,528.65","1,531.88","1,757.50","1,460.25","1,42,44,669","21,82,11,67,498.85","2,54,566"
24-Nov-23,EQ,"1,521.20","1,533.15","1,519.85","1,521.30","1,531.40","1,532.10","1,529.01","1,757.50","1,460.25","82,34,596","12,59,07,57,692.80","1,91,494"
23-Nov-23,EQ,"1,508.50","1,523.85","1,508.50","1,512.55","1,521.70","1,521.30","1,519.21","1,757.50","1,460.25","65,23,110","9,90,99,95,976.95","1,70,796"
22-Nov-23,EQ,"1,520.00","1,520.00","1,503.55","1,517.95","1,512.90","1,512.55","1,513.24","1,757.50","1,460.25","1,45,61,825","22,03,55,95,098.85","2,61,084"
21-Nov-23,EQ,"1,519.00","1,522.00","1,512.10","1,505.20","1,518.25","1,517.95","1,517.79","1,757.50","1,460.25","1,24,79,986","18,94,19,39,824.75","2,91,918"
20-Nov-23,EQ,"1,513.00","1,513.00","1,501.55","1,505.10","1,505.90","1,505.20","1,505.46","1,757.50","1,460.25","96,65,726","14,55,13,79,677.65","2,00,480"
17-Nov-23,EQ,"1,490.00","1,507.50","1,489.00","1,508.35","1,505.00","1,505.10","1,502.48","1,757.50","1,460.25","1,18,50,937","17,80,58,35,559.30","2,98,602"
16-Nov-23,EQ,"1,509.70","1,519.00","1,503.75","1,504.40","1,508.00","1,508.35","1,511.01","1,757.50","1,460.25","1,48,56,919","22,44,90,02,896.90","2,70,257"
15-Nov-23,EQ,"1,504.10","1,510.95","1,500.55","1,488.80","1,504.80","1,504.40","1,505.70","1,757.50","1,460.25","2,06,22,730","31,05,15,66,881.50","3,31,586"
13-Nov-23,EQ,"1,492.10","1,495.95","1,485.90","1,500.00","1,489.00","1,488.80","1,490.72","1,757.50","1,460.25","1,03,02,957","15,35,88,48,457.45","3,18,892"
12-Nov-23,EQ,"1,500.00","1,502.00","1,496.15","1,491.50","1,499.00","1,500.00","1,499.50","1,757.50","1,460.25","19,75,463","2,96,22,07,492.65","85,801"
10-Nov-23,EQ,"1,480.10","1,496.00","1,480.05","1,485.65","1,495.00","1,491.50","1,486.67","1,757.50","1,460.25","70,07,593","10,41,79,71,067.75","1,81,055"
09-Nov-23,EQ,"1,486.00","1,492.60","1,483.50","1,491.55","1,486.50","1,485.65","1,487.69","1,757.50","1,460.25","1,10,58,370","16,45,14,04,289.60","2,81,527"
08-Nov-23,EQ,"1,483.95","1,493.45","1,481.00","1,487.25","1,491.80","1,491.55","1,489.03","1,757.50","1,460.25","1,56,99,773","23,37,74,06,572.30","4,99,216"
07-Nov-23,EQ,"1,494.00","1,494.00","1,477.20","1,494.50","1,490.00","1,487.25","1,484.48","1,757.50","1,460.25","2,09,76,424","31,13,90,51,244.05","5,85,794"
06-Nov-23,EQ,"1,498.00","1,498.00","1,483.00","1,483.75","1,493.80","1,494.50","1,488.25","1,757.50","1,460.25","1,27,96,865","19,04,49,45,751.70","3,86,836"
03-Nov-23,EQ,"1,488.00","1,491.40","1,481.65","1,476.75","1,484.50","1,483.75","1,487.25","1,757.50","1,460.25","90,47,670","13,45,61,52,900.70","2,26,806"
02-Nov-23,EQ,"1,485.00","1,490.50","1,467.15","1,474.50","1,478.70","1,476.75","1,472.27","1,757.50","1,460.25","2,26,12,577","33,29,18,73,290.70","2,60,964"
01-Nov-23,EQ,"1,462.25","1,477.45","1,462.25","1,476.50","1,477.00","1,474.50","1,469.20","1,757.50","1,460.25","1,69,38,733","24,88,64,25,534.80","3,40,052"
31-Oct-23,EQ,"1,504.00","1,504.00","1,474.00","1,485.10","1,475.00","1,476.50","1,482.03","1,757.50","1,460.25","1,63,17,412","24,18,28,40,370.90","4,22,644"
30-Oct-23,EQ,"1,463.25","1,489.95","1,461.90","1,469.15","1,487.85","1,485.10","1,479.49","1,757.50","1,460.25","1,16,55,491","17,24,41,38,134.55","2,69,734"
27-Oct-23,EQ,"1,469.50","1,478.00","1,466.90","1,463.40","1,472.55","1,469.15","1,470.94","1,757.50","1,445.00","1,59,70,266","23,49,13,78,766.10","2,83,464"
26-Oct-23,EQ,"1,491.25","1,492.00","1,460.25","1,496.50","1,462.45","1,463.40","1,469.55","1,757.50","1,445.00","2,77,80,899","40,82,54,80,054.70","6,24,140"
25-Oct-23,EQ,"1,521.00","1,522.80","1,491.45","1,506.05","1,494.20","1,496.50","1,505.86","1,757.50","1,445.00","1,41,55,998","21,31,69,45,153.10","3,72,043"
23-Oct-23,EQ,"1,523.50","1,528.75","1,500.10","1,522.80","1,507.00","1,506.05","1,520.08","1,757.50","1,445.00","1,11,88,068","17,00,67,38,603.70","2,49,005"
20-Oct-23,EQ,"1,505.00","1,527.00","1,505.00","1,514.95","1,523.40","1,522.80","1,519.35","1,757.50","1,427.00","1,05,47,005","16,02,45,69,217.40","2,67,376"
19-Oct-23,EQ,"1,505.40","1,526.25","1,503.20","1,519.75","1,514.50","1,514.95","1,516.62","1,757.50","1,427.00","1,51,26,182","22,94,06,29,736.40","3,31,067"
18-Oct-23,EQ,"1,541.20","1,541.20","1,518.10","1,541.20","1,519.00","1,519.75","1,524.62","1,757.50","1,427.00","1,56,08,100","23,79,63,58,906.90","3,42,915"
17-Oct-23,EQ,"1,555.75","1,555.75","1,535.00","1,529.60","1,542.50","1,541.20","1,542.46","1,757.50","1,427.00","1,64,51,279","25,37,54,68,422.15","3,82,090"
16-Oct-23,EQ,"1,531.50","1,534.45","1,520.50","1,535.75","1,532.00","1,529.60","1,529.19","1,757.50","1,427.00","89,28,042","13,65,26,81,917.00","2,23,477"
13-Oct-23,EQ,"1,540.00","1,548.80","1,529.95","1,549.85","1,533.50","1,535.75","1,539.45","1,757.50","1,384.00","1,98,72,650","30,59,28,84,042.20","2,56,367"
12-Oct-23,EQ,"1,536.10","1,552.00","1,531.60","1,539.60","1,548.00","1,549.85","1,541.66","1,757.50","1,384.00","1,10,12,668","16,97,78,44,444.80","2,39,200"
11-Oct-23,EQ,"1,530.10","1,542.15","1,528.50","1,524.85","1,542.00","1,539.60","1,534.92","1,757.50","1,384.00","1,56,66,680","24,04,71,40,129.10","2,82,864"
10-Oct-23,EQ,"1,520.55","1,529.00","1,515.20","1,516.25","1,526.00","1,524.85","1,523.15","1,757.50","1,384.00","1,66,33,146","25,33,48,54,412.75","3,75,460"
09-Oct-23,EQ,"1,528.00","1,530.00","1,512.00","1,534.05","1,516.00","1,516.25","1,517.69","1,757.50","1,384.00","82,27,486","12,48,67,90,439.80","2,19,643"
06-Oct-23,EQ,"1,544.00","1,545.00","1,529.85","1,535.75","1,535.00","1,534.05","1,539.10","1,757.50","1,384.00","88,79,678","13,66,66,72,813.35","2,21,516"
05-Oct-23,EQ,"1,535.05","1,551.55","1,532.60","1,529.55","1,535.85","1,535.75","1,540.76","1,757.50","1,384.00","2,42,56,337","37,37,31,76,644.20","3,60,029"
04-Oct-23,EQ,"1,495.00","1,535.00","1,489.25","1,508.05","1,532.00","1,529.55","1,519.36","1,757.50","1,384.00","2,73,24,715","41,51,59,75,722.85","4,65,424"
03-Oct-23,EQ,"1,527.00","1,527.00","1,506.00","1,526.30","1,508.00","1,508.05","1,511.94","1,757.50","1,384.00","1,94,85,847","29,46,14,59,601.05","4,66,405"
29-Sep-23,EQ,"1,523.70","1,535.45","1,522.30","1,523.70","1,525.85","1,526.30","1,529.20","1,757.50","1,365.00","1,60,26,891","24,50,83,75,856.50","2,74,764"
28-Sep-23,EQ,"1,534.00","1,537.60","1,518.35","1,526.85","1,518.40","1,523.70","1,526.61","1,757.50","1,365.00","2,76,77,094","42,25,20,70,128.65","3,24,684"
27-Sep-23,EQ,"1,523.00","1,532.50","1,515.00","1,537.65","1,527.45","1,526.85","1,524.39","1,757.50","1,365.00","1,96,69,269","29,98,35,98,526.15","3,84,553"
26-Sep-23,EQ,"1,525.00","1,540.00","1,525.00","1,531.00","1,538.00","1,537.65","1,535.23","1,757.50","1,365.00","1,37,87,654","21,16,71,97,917.55","3,03,026"
25-Sep-23,EQ,"1,525.00","1,540.70","1,525.00","1,529.65","1,528.90","1,531.00","1,533.28","1,757.50","1,365.00","2,01,04,377","30,82,57,20,275.30","3,38,863"
22-Sep-23,EQ,"1,559.00","1,564.40","1,523.75","1,553.35","1,530.20","1,529.65","1,544.59","1,757.50","1,365.00","3,08,52,125","47,65,39,55,740.50","5,48,206"
21-Sep-23,EQ,"1,553.00","1,568.95","1,537.05","1,563.70","1,554.50","1,553.35","1,555.34","1,757.50","1,365.00","3,64,20,721","56,64,66,57,569.55","6,14,240"
20-Sep-23,EQ,"1,599.00","1,599.00","1,560.40","1,629.05","1,566.00","1,563.70","1,570.63","1,757.50","1,365.00","5,77,37,324","90,68,40,80,075.60","9,77,717"
18-Sep-23,EQ,"1,653.75","1,655.00","1,626.10","1,661.75","1,629.65","1,629.05","1,636.50","1,757.50","1,365.00","1,85,28,144","30,32,12,24,693.30","2,92,658"
15-Sep-23,EQ,"1,650.00","1,670.00","1,650.00","1,642.90","1,657.00","1,661.75","1,660.63","1,757.50","1,365.00","8,67,05,601","1,43,98,61,31,583.85","4,85,971"
14-Sep-23,EQ,"1,644.25","1,650.00","1,635.10","1,643.90","1,643.00","1,642.90","1,642.38","1,757.50","1,365.00","1,17,69,424","19,32,98,82,409.25","2,69,108"
13-Sep-23,EQ,"1,631.30","1,651.60","1,628.60","1,636.90","1,641.60","1,643.90","1,643.76","1,757.50","1,365.00","2,32,10,047","38,15,17,41,645.90","3,53,522"
12-Sep-23,EQ,"1,640.00","1,642.90","1,625.05","1,631.80","1,636.00","1,636.90","1,635.47","1,757.50","1,365.00","1,95,16,670","31,91,89,59,857.45","3,10,906"
11-Sep-23,EQ,"1,628.90","1,636.50","1,624.00","1,623.40","1,633.00","1,631.80","1,631.32","1,757.50","1,365.00","1,57,86,511","25,75,28,84,037.25","2,90,843"
08-Sep-23,EQ,"1,608.30","1,632.90","1,607.60","1,610.85","1,623.20","1,623.40","1,619.68","1,757.50","1,365.00","1,72,51,105","27,94,12,56,455.40","2,63,597"
07-Sep-23,EQ,"1,595.50","1,614.00","1,587.15","1,595.50","1,611.00","1,610.85","1,601.67","1,757.50","1,365.00","1,71,04,171","27,39,52,55,131.15","2,82,493"
06-Sep-23,EQ,"1,576.80","1,600.00","1,574.90","1,574.90","1,599.00","1,595.50","1,588.41","1,757.50","1,365.00","2,81,60,455","44,73,03,93,184.30","3,94,705"
05-Sep-23,EQ,"1,588.40","1,588.40","1,570.60","1,584.55","1,575.00","1,574.90","1,576.27","1,757.50","1,365.00","1,93,56,041","30,51,03,14,620.10","4,07,651"
04-Sep-23,EQ,"1,590.00","1,591.45","1,574.90","1,574.70","1,584.50","1,584.55","1,582.03","1,757.50","1,365.00","1,25,36,819","19,83,36,66,505.30","2,36,702"
01-Sep-23,EQ,"1,571.00","1,579.00","1,559.35","1,571.45","1,573.75","1,574.70","1,569.33","1,757.50","1,365.00","2,16,13,388","33,91,85,08,405.30","4,50,304"
31-Aug-23,EQ,"1,579.00","1,583.15","1,563.10","1,578.70","1,577.00","1,571.45","1,570.99","1,757.50","1,365.00","5,00,37,886","78,60,89,31,136.20","4,19,748"
30-Aug-23,EQ,"1,603.95","1,603.95","1,573.70","1,590.30","1,579.00","1,578.70","1,589.56","1,757.50","1,365.00","1,40,42,102","22,32,07,81,696.10","2,97,743"
29-Aug-23,EQ,"1,589.70","1,592.65","1,581.45","1,577.75","1,591.25","1,590.30","1,588.37","1,757.50","1,365.00","1,77,69,466","28,22,44,20,149.05","3,41,561"
28-Aug-23,EQ,"1,561.50","1,582.65","1,561.50","1,561.50","1,578.00","1,577.75","1,574.43","1,757.50","1,365.00","1,44,33,619","22,72,46,92,200.70","2,89,068"
25-Aug-23,EQ,"1,574.55","1,577.50","1,558.40","1,579.30","1,559.20","1,561.50","1,564.93","1,757.50","1,365.00","1,50,34,878","23,52,84,89,943.80","3,50,735"
24-Aug-23,EQ,"1,593.30","1,596.20","1,576.15","1,586.60","1,579.60","1,579.30","1,583.60","1,757.50","1,365.00","2,15,72,896","34,16,27,75,004.65","3,97,769"
23-Aug-23,EQ,"1,580.00","1,590.55","1,573.25","1,582.70","1,588.50","1,586.60","1,581.99","1,757.50","1,365.00","1,82,49,294","28,87,01,23,207.45","3,29,674"
22-Aug-23,EQ,"1,596.35","1,598.00","1,580.00","1,589.50","1,581.45","1,582.70","1,588.09","1,757.50","1,365.00","1,61,36,785","25,62,67,13,594.35","4,20,291"
21-Aug-23,EQ,"1,600.50","1,600.50","1,587.00","1,590.75","1,587.80","1,589.50","1,593.07","1,757.50","1,365.00","1,09,18,635","17,39,41,09,160.45","2,41,780"
18-Aug-23,EQ,"1,587.55","1,596.30","1,585.50","1,597.30","1,588.70","1,590.75","1,590.59","1,757.50","1,365.00","1,28,16,683","20,38,61,33,002.30","2,82,239"
17-Aug-23,EQ,"1,597.60","1,609.90","1,594.00","1,606.20","1,595.00","1,597.30","1,600.21","1,757.50","1,365.00","2,64,42,020","42,31,28,60,300.10","4,00,922"
16-Aug-23,EQ,"1,583.10","1,609.65","1,581.30","1,610.90","1,604.35","1,606.20","1,596.67","1,757.50","1,365.00","1,70,68,771","27,25,31,51,750.90","3,00,850"
14-Aug-23,EQ,"1,611.00","1,615.00","1,600.25","1,618.80","1,608.50","1,610.90","1,608.96","1,757.50","1,365.00","1,56,52,205","25,18,37,94,816.50","3,49,385"
11-Aug-23,EQ,"1,638.40","1,638.40","1,616.20","1,635.85","1,620.90","1,618.80","1,625.76","1,757.50","1,365.00","1,41,12,911","22,94,42,47,784.10","2,71,050"
10-Aug-23,EQ,"1,647.05","1,654.25","1,631.00","1,650.50","1,638.00","1,635.85","1,638.99","1,757.50","1,365.00","2,53,90,559","41,61,49,59,546.45","3,32,263"
09-Aug-23,EQ,"1,653.00","1,654.50","1,631.10","1,649.90","1,652.70","1,650.50","1,640.24","1,757.50","1,365.00","1,66,80,618","27,36,02,30,365.00","2,28,397"
08-Aug-23,EQ,"1,651.70","1,655.60","1,642.05","1,651.25","1,649.00","1,649.90","1,650.13","1,757.50","1,365.00","2,18,86,914","36,11,62,74,511.30","3,00,979"
07-Aug-23,EQ,"1,663.10","1,663.10","1,647.55","1,652.20","1,651.00","1,651.25","1,653.09","1,757.50","1,365.00","1,41,50,459","23,39,19,43,678.55","2,56,889"
04-Aug-23,EQ,"1,635.15","1,656.50","1,629.25","1,628.65","1,652.85","1,652.20","1,641.73","1,757.50","1,365.00","1,86,94,152","30,69,07,12,012.15","3,10,206"
03-Aug-23,EQ,"1,640.00","1,651.35","1,623.00","1,640.50","1,632.60","1,628.65","1,633.08","1,757.50","1,365.00","2,88,36,973","47,09,31,13,412.85","4,39,722"
02-Aug-23,EQ,"1,642.00","1,651.50","1,633.15","1,662.25","1,641.90","1,640.50","1,644.34","1,757.50","1,365.00","1,40,58,161","23,11,63,46,478.45","3,80,609"
01-Aug-23,EQ,"1,654.45","1,667.45","1,650.00","1,651.20","1,660.00","1,662.25","1,659.39","1,757.50","1,365.00","1,76,97,094","29,36,64,53,399.30","3,85,496"
31-Jul-23,EQ,"1,650.05","1,656.80","1,638.70","1,643.50","1,650.00","1,651.20","1,649.01","1,757.50","1,365.00","1,72,82,503","28,49,90,54,865.30","4,34,555"
28-Jul-23,EQ,"1,661.50","1,668.90","1,641.10","1,673.15","1,642.90","1,643.50","1,649.58","1,757.50","1,365.00","2,05,07,842","33,82,93,21,793.55","4,22,378"
27-Jul-23,EQ,"1,699.90","1,703.00","1,667.45","1,690.70","1,676.95","1,673.15","1,681.08","1,757.50","1,365.00","2,98,70,651","50,21,48,60,523.75","5,06,283"
26-Jul-23,EQ,"1,699.60","1,699.60","1,688.00","1,696.60","1,689.30","1,690.70","1,692.97","1,757.50","1,365.00","1,23,97,179","20,98,80,22,760.35","2,51,108"
25-Jul-23,EQ,"1,684.65","1,699.00","1,678.40","1,678.40","1,694.55","1,696.60","1,692.19","1,757.50","1,365.00","2,79,96,298","47,37,50,21,905.75","5,34,396"
24-Jul-23,EQ,"1,678.50","1,684.65","1,670.10","1,675.75","1,679.50","1,678.40","1,677.75","1,757.50","1,365.00","1,60,89,722","26,99,45,70,123.70","2,96,190"
21-Jul-23,EQ,"1,680.00","1,689.80","1,673.25","1,688.75","1,677.75","1,675.75","1,680.80","1,757.50","1,337.00","2,10,77,124","35,42,64,65,573.70","3,37,174"
20-Jul-23,EQ,"1,681.15","1,692.00","1,680.00","1,685.10","1,688.90","1,688.75","1,686.08","1,757.50","1,337.00","2,81,05,474","47,38,80,96,303.30","4,33,278"
19-Jul-23,EQ,"1,681.10","1,688.75","1,675.00","1,677.50","1,684.75","1,685.10","1,682.45","1,757.50","1,337.00","1,64,67,567","27,70,59,15,264.20","4,27,479"
18-Jul-23,EQ,"1,698.00","1,704.00","1,670.00","1,678.90","1,678.00","1,677.50","1,683.83","1,757.50","1,337.00","4,05,38,409","68,25,98,72,564.30","7,04,526"
17-Jul-23,EQ,"1,650.00","1,682.00","1,633.00","1,644.50","1,678.35","1,678.90","1,660.51","1,757.50","1,337.00","2,46,26,464","40,89,25,07,962.10","4,35,163"
14-Jul-23,EQ,"1,653.60","1,653.60","1,635.00","1,641.10","1,645.60","1,644.50","1,642.71","1,757.50","1,337.00","1,23,63,607","20,30,98,76,686.30","4,62,491"
13-Jul-23,EQ,"1,656.70","1,657.45","1,638.05","1,632.95","1,644.55","1,641.10","1,648.62","1,757.50","1,337.00","2,09,56,773","34,54,98,48,532.65","4,32,632"
12-Jul-23,EQ,"1,655.35","1,666.30","1,627.15","1,648.40","1,636.00","1,632.95","1,643.87","1,757.50","1,337.00","3,54,79,179","58,32,32,00,837.30","4,98,866"
11-Jul-23,EQ,"1,663.00","1,676.00","1,645.50","1,656.45","1,650.00","1,648.40","1,664.90","1,757.50","1,337.00","2,53,35,213","42,18,04,75,745.65","3,79,237"
10-Jul-23,EQ,"1,661.00","1,676.75","1,649.70","1,660.40","1,658.00","1,656.45","1,659.09","1,757.50","1,337.00","1,91,99,221","31,85,31,62,737.15","3,17,755"
07-Jul-23,EQ,"1,665.00","1,675.00","1,656.30","1,675.00","1,659.90","1,660.40","1,663.54","1,757.50","1,337.00","99,63,168","16,57,41,55,973.95","3,20,533"
06-Jul-23,EQ,"1,673.00","1,687.85","1,660.40","1,673.30","1,674.80","1,675.00","1,674.63","1,757.50","1,337.00","2,60,78,272","43,67,15,47,685.50","3,77,109"
05-Jul-23,EQ,"1,716.25","1,720.00","1,668.55","1,728.20","1,676.60","1,673.30","1,681.63","1,757.50","1,337.00","1,85,82,877","31,24,95,28,816.15","4,77,385"
04-Jul-23,EQ,"1,723.45","1,747.00","1,713.80","1,719.80","1,725.00","1,728.20","1,731.04","1,757.50","1,337.00","1,93,97,594","33,57,79,54,092.40","3,79,487"
03-Jul-23,EQ,"1,712.50","1,757.50","1,710.00","1,701.40","1,721.00","1,719.80","1,733.31","1,757.50","1,337.00","2,20,52,058","38,22,31,61,666.50","5,40,520"
30-Jun-23,EQ,"1,704.00","1,708.80","1,683.25","1,676.15","1,700.75","1,701.40","1,698.70","1,734.45","1,330.05","2,03,49,508","34,56,76,75,938.75","3,26,058"
28-Jun-23,EQ,"1,670.00","1,679.90","1,660.50","1,658.60","1,673.10","1,676.15","1,673.30","1,734.45","1,330.05","2,97,81,475","49,83,32,44,547.95","4,39,006"
27-Jun-23,EQ,"1,642.95","1,672.90","1,638.55","1,635.55","1,658.25","1,658.60","1,654.06","1,734.45","1,330.05","1,69,15,932","27,97,99,20,820.40","3,14,003"
26-Jun-23,EQ,"1,645.00","1,650.75","1,628.70","1,643.50","1,635.70","1,635.55","1,637.33","1,734.45","1,330.05","80,65,157","13,20,53,20,442.40","1,99,872"
23-Jun-23,EQ,"1,637.55","1,659.90","1,634.05","1,643.60","1,642.90","1,643.50","1,649.49","1,734.45","1,294.15","1,06,69,609","17,59,94,09,604.40","2,48,242"
22-Jun-23,EQ,"1,640.00","1,657.55","1,639.05","1,635.60","1,644.80","1,643.60","1,646.70","1,734.45","1,294.15","2,82,98,070","46,59,85,24,688.10","3,67,511"
21-Jun-23,EQ,"1,616.00","1,637.25","1,611.00","1,607.50","1,635.55","1,635.60","1,628.22","1,734.45","1,294.15","1,21,54,473","19,79,01,44,100.50","2,76,058"
20-Jun-23,EQ,"1,604.15","1,611.00","1,590.65","1,604.15","1,609.40","1,607.50","1,599.68","1,734.45","1,294.15","1,00,02,813","16,00,12,91,895.20","2,87,119"
19-Jun-23,EQ,"1,611.00","1,614.25","1,598.35","1,602.75","1,604.90","1,604.15","1,606.00","1,734.45","1,294.15","1,24,14,573","19,93,77,59,557.10","1,62,051"
16-Jun-23,EQ,"1,587.15","1,609.20","1,584.00","1,582.05","1,602.50","1,602.75","1,598.25","1,734.45","1,271.60","78,89,636","12,60,95,94,950.00","1,81,546"
15-Jun-23,EQ,"1,604.00","1,605.95","1,579.00","1,601.75","1,580.55","1,582.05","1,590.41","1,734.45","1,271.60","1,76,88,738","28,13,24,06,376.20","2,71,848"
14-Jun-23,EQ,"1,610.45","1,612.00","1,600.20","1,603.50","1,601.75","1,601.75","1,606.76","1,734.45","1,271.60","1,00,56,984","16,15,91,16,681.25","1,74,004"
13-Jun-23,EQ,"1,590.10","1,609.00","1,590.10","1,600.80","1,607.95","1,603.50","1,602.57","1,734.45","1,271.60","1,39,63,054","22,37,68,05,987.05","1,84,386"
12-Jun-23,EQ,"1,612.55","1,615.80","1,599.45","1,610.60","1,600.90","1,600.80","1,604.34","1,734.45","1,271.60","67,04,146","10,75,57,48,258.60","1,56,138"
09-Jun-23,EQ,"1,615.90","1,618.50","1,607.00","1,608.70","1,609.50","1,610.60","1,613.79","1,734.45","1,271.60","91,06,289","14,69,56,39,541.25","1,85,235"
08-Jun-23,EQ,"1,603.25","1,626.00","1,603.25","1,607.70","1,608.35","1,608.70","1,617.05","1,734.45","1,271.60","1,86,97,761","30,23,52,56,021.30","2,68,888"
07-Jun-23,EQ,"1,603.45","1,612.55","1,596.00","1,599.40","1,611.50","1,607.70","1,602.11","1,734.45","1,271.60","1,24,74,513","19,98,55,40,209.25","1,76,230"
06-Jun-23,EQ,"1,607.65","1,609.85","1,592.25","1,604.40","1,605.00","1,599.40","1,598.09","1,734.45","1,271.60","1,60,91,426","25,71,56,16,381.45","2,33,706"
05-Jun-23,EQ,"1,614.50","1,616.50","1,602.45","1,606.50","1,604.05","1,604.40","1,610.46","1,734.45","1,271.60","93,48,621","15,05,56,21,088.80","1,53,663"
02-Jun-23,EQ,"1,612.45","1,614.80","1,601.00","1,604.00","1,605.50","1,606.50","1,607.62","1,734.45","1,271.60","89,29,855","14,35,58,01,663.75","3,16,938"
01-Jun-23,EQ,"1,619.90","1,619.90","1,600.00","1,610.85","1,601.00","1,604.00","1,612.23","1,734.45","1,271.60","2,51,83,469","40,60,14,23,757.55","2,82,772"
31-May-23,EQ,"1,629.90","1,634.95","1,604.65","1,636.75","1,611.20","1,610.85","1,613.25","1,734.45","1,271.60","2,16,67,135","34,95,45,11,959.60","2,91,055"
30-May-23,EQ,"1,633.60","1,642.65","1,628.55","1,635.50","1,640.80","1,636.75","1,633.96","1,734.45","1,271.60","1,85,62,964","30,33,11,62,063.85","2,64,829"
29-May-23,EQ,"1,628.50","1,641.00","1,624.85","1,615.80","1,630.00","1,635.50","1,636.20","1,734.45","1,271.60","1,09,08,146","17,84,79,15,681.45","2,07,071"
26-May-23,EQ,"1,619.00","1,619.00","1,602.25","1,609.60","1,617.00","1,615.80","1,611.17","1,734.45","1,271.60","1,33,17,533","21,45,68,49,112.15","2,47,378"
25-May-23,EQ,"1,615.70","1,620.05","1,597.35","1,615.80","1,613.35","1,609.60","1,606.52","1,734.45","1,271.60","1,48,88,465","23,91,85,72,885.90","3,18,672"
24-May-23,EQ,"1,627.55","1,634.75","1,613.60","1,637.20","1,615.00","1,615.80","1,624.67","1,734.45","1,271.60","1,67,94,056","27,28,48,71,539.45","2,98,545"
23-May-23,EQ,"1,649.00","1,649.60","1,633.45","1,641.05","1,634.05","1,637.20","1,641.32","1,734.45","1,271.60","1,12,35,037","18,44,03,00,706.25","1,98,675"
22-May-23,EQ,"1,645.00","1,652.90","1,632.70","1,646.90","1,638.45","1,641.05","1,641.70","1,734.45","1,271.60","1,41,67,016","23,25,79,23,466.55","2,04,936"
19-May-23,EQ,"1,648.00","1,650.00","1,631.55","1,645.00","1,646.50","1,646.90","1,641.50","1,734.45","1,271.60","1,52,30,166","25,00,03,35,648.35","1,97,258"
18-May-23,EQ,"1,648.00","1,653.95","1,640.00","1,638.45","1,644.50","1,645.00","1,646.05","1,734.45","1,271.60","2,48,23,471","40,86,05,59,448.95","2,78,185"
17-May-23,EQ,"1,650.00","1,650.00","1,625.35","1,647.30","1,640.85","1,638.45","1,638.82","1,734.45","1,271.60","1,52,33,434","24,96,49,17,751.70","2,24,112"
16-May-23,EQ,"1,671.80","1,671.80","1,644.00","1,675.80","1,646.00","1,647.30","1,654.31","1,734.45","1,271.60","1,63,61,043","27,06,63,15,642.35","2,36,552"
15-May-23,EQ,"1,672.00","1,680.75","1,665.10","1,667.80","1,677.00","1,675.80","1,676.61","1,734.45","1,271.60","92,56,130","15,51,89,20,431.50","2,04,219"
12-May-23,EQ,"1,647.00","1,672.80","1,644.25","1,653.20","1,667.95","1,667.80","1,662.68","1,734.45","1,271.60","1,12,39,380","18,68,75,07,675.25","2,00,542"
11-May-23,EQ,"1,665.15","1,688.00","1,649.25","1,652.10","1,655.00","1,653.20","1,656.04","1,734.45","1,271.60","1,78,67,309","29,58,89,45,347.95","2,19,658"
10-May-23,EQ,"1,644.50","1,654.65","1,633.10","1,644.50","1,652.30","1,652.10","1,644.49","1,734.45","1,271.60","2,31,70,275","38,10,33,10,084.95","2,28,151"
09-May-23,EQ,"1,649.90","1,656.00","1,639.95","1,644.45","1,642.75","1,644.50","1,649.29","1,734.45","1,271.60","2,18,44,469","36,02,79,43,472.75","2,70,463"
08-May-23,EQ,"1,635.00","1,650.35","1,630.00","1,625.65","1,646.75","1,644.45","1,645.52","1,734.45","1,271.60","1,86,22,262","30,64,32,51,208.65","2,40,839"
05-May-23,EQ,"1,639.00","1,660.95","1,622.10","1,727.80","1,626.95","1,625.65","1,640.31","1,734.45","1,271.60","3,13,85,208","51,48,13,96,583.70","6,97,018"
04-May-23,EQ,"1,687.10","1,734.45","1,687.10","1,693.15","1,729.00","1,727.80","1,712.72","1,734.45","1,271.60","2,84,27,319","48,68,79,68,070.25","2,55,713"
03-May-23,EQ,"1,684.95","1,696.00","1,679.65","1,687.25","1,693.95","1,693.15","1,687.29","1,720.00","1,271.60","1,47,03,635","24,80,92,69,719.05","1,76,478"
02-May-23,EQ,"1,688.70","1,699.00","1,682.00","1,687.60","1,682.90","1,687.25","1,692.45","1,720.00","1,271.60","1,61,10,592","27,26,63,77,374.55","1,85,905"
28-Apr-23,EQ,"1,684.70","1,691.00","1,670.00","1,681.00","1,687.15","1,687.60","1,678.51","1,720.00","1,271.60","1,39,58,136","23,42,89,39,295.55","1,82,365"
27-Apr-23,EQ,"1,670.50","1,685.25","1,665.85","1,671.80","1,680.00","1,681.00","1,673.65","1,720.00","1,271.60","2,38,95,196","39,99,23,03,899.70","2,58,905"
26-Apr-23,EQ,"1,660.00","1,675.00","1,655.00","1,664.15","1,675.00","1,671.80","1,666.08","1,720.00","1,271.60","1,36,96,375","22,81,93,00,576.90","1,84,866"
25-Apr-23,EQ,"1,687.70","1,687.70","1,661.90","1,688.15","1,663.60","1,664.15","1,671.96","1,720.00","1,271.60","2,51,76,534","42,09,41,15,747.50","2,30,940"
24-Apr-23,EQ,"1,687.00","1,691.45","1,674.10","1,674.60","1,689.50","1,688.15","1,681.20","1,720.00","1,271.60","1,78,37,926","29,98,91,17,787.95","1,81,877"
21-Apr-23,EQ,"1,669.00","1,676.95","1,663.25","1,671.90","1,672.00","1,674.60","1,670.10","1,720.00","1,271.60","1,00,64,309","16,80,83,90,125.10","1,59,632"
20-Apr-23,EQ,"1,671.70","1,677.45","1,666.40","1,665.70","1,673.00","1,671.90","1,671.10","1,720.00","1,271.60","1,64,61,358","27,50,85,41,645.25","1,71,106"
19-Apr-23,EQ,"1,665.00","1,670.30","1,657.15","1,659.60","1,668.70","1,665.70","1,664.28","1,720.00","1,271.60","1,23,70,584","20,58,80,90,646.20","1,42,796"
18-Apr-23,EQ,"1,670.00","1,677.25","1,656.40","1,666.65","1,660.35","1,659.60","1,666.90","1,720.00","1,271.60","1,48,18,613","24,70,12,10,477.55","1,98,013"
17-Apr-23,EQ,"1,720.00","1,720.00","1,653.30","1,692.45","1,665.05","1,666.65","1,669.13","1,720.00","1,271.60","1,62,02,574","27,04,41,65,347.35","2,42,646"
13-Apr-23,EQ,"1,688.30","1,697.05","1,678.15","1,684.90","1,695.00","1,692.45","1,686.70","1,702.40","1,271.60","1,76,65,043","29,79,57,08,472.95","1,77,271"
12-Apr-23,EQ,"1,668.00","1,688.20","1,667.80","1,663.30","1,685.00","1,684.90","1,679.14","1,702.40","1,271.60","1,34,77,752","22,63,09,71,070.95","1,83,654"
11-Apr-23,EQ,"1,659.00","1,669.40","1,651.10","1,658.45","1,664.95","1,663.30","1,662.57","1,702.40","1,271.60","2,11,80,771","35,21,44,68,680.05","2,00,423"
10-Apr-23,EQ,"1,663.25","1,671.00","1,654.00","1,666.35","1,655.15","1,658.45","1,662.14","1,702.40","1,271.60","1,59,06,643","26,43,90,42,028.15","1,38,726"
06-Apr-23,EQ,"1,648.55","1,669.20","1,647.10","1,653.75","1,666.00","1,666.35","1,659.15","1,722.10","1,271.60","2,23,18,672","37,02,99,76,857.60","2,33,336"
05-Apr-23,EQ,"1,618.60","1,656.00","1,616.00","1,610.55","1,654.00","1,653.75","1,647.03","1,722.10","1,271.60","2,16,82,696","35,71,20,51,912.40","2,85,701"
03-Apr-23,EQ,"1,607.55","1,615.70","1,602.75","1,609.55","1,609.90","1,610.55","1,608.28","1,722.10","1,271.60","2,00,12,699","32,18,59,70,936.50","1,65,016"
